name, latitude, longitude, elevation, time, comment, symbol, description
BP0.2, -45.463946, 167.15309, 0.0, 2021-06-24 03:04:20+00:00
BP01, -45.463723, 167.154354, 0.0, 2021-06-24 03:04:20+00:00
BP02, -45.463715, 167.154547, 0.0, 2021-06-24 03:04:20+00:00
BP03, -45.463411, 167.154936, 0.0, 2021-06-24 03:04:20+00:00
BP04, -45.463385, 167.155297, 0.0, 2021-06-24 03:04:20+00:00
BP05, -45.463839, 167.156082, 0.0, 2021-06-24 03:04:20+00:00
BP06, -45.463523, 167.156601, 0.0, 2021-06-24 03:04:20+00:00
BP07, -45.463174, 167.156982, 0.0, 2021-06-24 03:04:20+00:00
BP08, -45.463046, 167.157469, 0.0, 2021-06-24 03:04:20+00:00
BP09, -45.463352, 167.157475, 0.0, 2021-06-24 03:04:20+00:00
BP10, -45.46363, 167.157447, 0.0, 2021-06-24 03:04:20+00:00
BP11, -45.464037, 167.157494, 0.0, 2021-06-24 03:04:20+00:00
BP12, -45.46423, 167.157922, 0.0, 2021-06-24 03:04:19+00:00
BP13, -45.464437, 167.158092, 0.0, 2021-06-24 03:04:19+00:00
BP14, -45.464337, 167.153331, 0.0, 2021-06-24 03:04:20+00:00
BP15, -45.464343, 167.153624, 0.0, 2021-06-24 03:04:20+00:00
BP16, -45.46453, 167.153938, 0.0, 2021-06-24 03:04:20+00:00
BP17, -45.46448, 167.154199, 0.0, 2021-06-24 03:04:20+00:00
BP18, -45.464565, 167.154625, 0.0, 2021-06-24 03:04:20+00:00
BP19, -45.464773, 167.155166, 0.0, 2021-06-24 03:04:20+00:00
BP20, -45.464699, 167.155647, 0.0, 2021-06-24 03:04:20+00:00
BP21, -45.464541, 167.155907, 0.0, 2021-06-24 03:04:20+00:00
BP22, -45.464774, 167.156241, 0.0, 2021-06-24 03:04:20+00:00
BP23, -45.464727, 167.156732, 0.0, 2021-06-24 03:04:19+00:00
BP24, -45.464805, 167.157018, 0.0, 2021-06-24 03:04:19+00:00
BP25, -45.46456, 167.157325, 0.0, 2021-06-24 03:04:19+00:00
BP26, -45.46457, 167.157707, 0.0, 2021-06-24 03:04:19+00:00
BP26.4, -45.46475, 167.157881, 0.0, 2021-06-24 03:04:19+00:00
BP27, -45.465424, 167.153474, 0.0, 2021-06-24 03:04:19+00:00
BP27.4, -45.46475, 167.157881, 0.0, 2021-06-24 03:10:22+00:00
BP28, -45.465634, 167.153708, 0.0, 2021-06-24 03:04:19+00:00
BP29, -45.465942, 167.154444, 0.0, 2021-06-24 03:04:19+00:00
BP30, -45.465847, 167.154684, 0.0, 2021-06-24 03:04:19+00:00
BP31, -45.46563, 167.154489, 0.0, 2021-06-24 03:04:19+00:00
BP32, -45.465432, 167.153972, 0.0, 2021-06-24 03:04:19+00:00
BP44, -45.466567, 167.152051, 0.0, 2021-06-24 03:04:19+00:00
BP45, -45.466881, 167.152389, 0.0, 2021-06-24 03:04:19+00:00
BP45.4, -45.46724, 167.152723, 0.0, 2021-06-24 03:04:19+00:00
BP46, -45.467255, 167.152836, 0.0, 2021-06-24 03:04:19+00:00
BP47, -45.467268, 167.15327, 0.0, 2021-06-24 03:04:19+00:00
BP48, -45.467276, 167.153589, 0.0, 2021-06-24 03:04:19+00:00
BP49, -45.46713, 167.153911, 0.0, 2021-06-24 03:04:19+00:00
BP49.4, -45.466936, 167.153982, 0.0, 2021-06-24 03:04:19+00:00
BP50, -45.466741, 167.154041, 0.0, 2021-06-24 03:04:19+00:00
BP51, -45.466704, 167.154377, 0.0, 2021-06-24 03:04:19+00:00
BP52, -45.466601, 167.154465, 0.0, 2021-06-24 03:04:19+00:00
BP53, -45.466543, 167.15474, 0.0, 2021-06-24 03:04:19+00:00
BP53.4, -45.466364, 167.154771, 0.0, 2021-06-24 03:04:19+00:00
BP53.5, -45.46198, 167.149328, 0.0, 2021-06-24 03:10:22+00:00
BP53.6, -45.46198, 167.149328, 0.0, 2021-06-24 03:04:19+00:00
BP54, -45.461853, 167.14915, 0.0, 2021-06-24 03:04:19+00:00
BP54.4, -45.466216, 167.154684, 0.0, 2021-06-24 03:04:19+00:00
BP54.5, -45.461143, 167.148635, 0.0, 2021-06-24 03:04:19+00:00
BP55, -45.460635, 167.148393, 0.0, 2021-06-24 03:04:19+00:00
BP55.4, -45.466104, 167.154785, 0.0, 2021-06-24 03:04:19+00:00
BP56, -45.460283, 167.148021, 0.0, 2021-06-24 03:04:19+00:00
BP56.4, -45.465914, 167.155112, 0.0, 2021-06-24 03:04:19+00:00
BP57, -45.460153, 167.147586, 0.0, 2021-06-24 03:04:19+00:00
BP58, -45.459702, 167.148106, 0.0, 2021-06-24 03:04:19+00:00
BP58.4, -45.465782, 167.155535, 0.0, 2021-06-24 03:04:19+00:00
BP59, -45.459535, 167.148175, 0.0, 2021-06-24 03:04:19+00:00
BP59.4, -45.46571, 167.155888, 0.0, 2021-06-24 03:04:19+00:00
BP60, -45.459073, 167.148121, 0.0, 2021-06-24 03:04:19+00:00
BP60.4, -45.465269, 167.155882, 0.0, 2021-06-24 03:04:19+00:00
BP61, -45.465169, 167.156033, 0.0, 2021-06-24 03:04:19+00:00
BP62, -45.465139, 167.156164, 0.0, 2021-06-24 03:04:19+00:00
BP63, -45.464883, 167.156434, 0.0, 2021-06-24 03:04:19+00:00
BP64, -45.464812, 167.156441, 0.0, 2021-06-24 03:04:19+00:00
BP70, -45.465768, 167.152811, 0.0, 2021-06-24 03:04:19+00:00
BP71, -45.465759, 167.152454, 0.0, 2021-06-24 03:04:19+00:00
BP72, -45.465655, 167.152183, 0.0, 2021-06-24 03:04:19+00:00
BP73, -45.465649, 167.15189, 0.0, 2021-06-24 03:04:19+00:00
BP74, -45.465441, 167.151515, 0.0, 2021-06-24 03:04:19+00:00
BP75, -45.465071, 167.151157, 0.0, 2021-06-24 03:04:19+00:00
BP76, -45.465212, 167.150925, 0.0, 2021-06-24 03:04:19+00:00
BP76.6, -45.465067, 167.150722, 0.0, 2021-06-24 03:04:19+00:00
BP77, -45.465063, 167.150288, 0.0, 2021-06-24 03:04:19+00:00
BP78, -45.464921, 167.150162, 0.0, 2021-06-24 03:04:19+00:00
BP78.6, -45.465067, 167.149507, 0.0, 2021-06-24 03:04:19+00:00
BP79, -45.465019, 167.149614, 0.0, 2021-06-24 03:04:19+00:00
BP80, -45.464875, 167.149258, 0.0, 2021-06-24 03:04:19+00:00
BP81, -45.464812, 167.148919, 0.0, 2021-06-24 03:04:19+00:00
BP82, -45.464562, 167.148945, 0.0, 2021-06-24 03:04:19+00:00
BP83, -45.464266, 167.148797, 0.0, 2021-06-24 03:04:19+00:00
BP84, -45.464011, 167.148734, 0.0, 2021-06-24 03:04:19+00:00
BP85, -45.463767, 167.148375, 0.0, 2021-06-24 03:04:19+00:00
BPA01, -45.463721, 167.154303, 0.0, 2021-06-24 03:04:20+00:00
BPA02, -45.463513, 167.153583, 0.0, 2021-06-24 03:04:20+00:00
BPA03, -45.464025, 167.153222, 0.0, 2021-06-24 03:04:20+00:00
BPA05, -45.464019, 167.153632, 0.0, 2021-06-24 03:04:20+00:00
BPT05, -45.465808, 167.158321, 0.0, 2021-06-24 03:04:20+00:00
BPT06, -45.466616, 167.1588, 0.0, 2021-06-24 03:04:20+00:00
BPT07, -45.467709, 167.159749, 0.0, 2021-06-24 03:04:20+00:00
BPT08, -45.464889, 167.158122, 0.0, 2021-06-24 03:04:20+00:00
BPT09, -45.468212, 167.159901, 0.0, 2021-06-24 03:04:20+00:00
BPT10, -45.469327, 167.160413, 0.0, 2021-06-24 03:04:20+00:00
CAMERA_1, -45.773514, 166.598425, 0.0, 2021-05-26 21:20:10+00:00
CAMERA_10, -45.779113, 166.588493, 0.0, 2021-05-26 21:20:10+00:00
CAMERA_11, -45.777647, 166.589961, 0.0, 2021-05-26 21:20:10+00:00
CAMERA_12, -45.775924, 166.591021, 0.0, 2021-05-26 21:20:10+00:00
CAMERA_2, -45.775129, 166.59721, 0.0, 2021-05-26 21:20:10+00:00
CAMERA_3, -45.776729, 166.595882, 0.0, 2021-05-26 21:20:10+00:00
CAMERA_4, -45.778216, 166.594321, 0.0, 2021-05-26 21:20:10+00:00
CAMERA_5, -45.781741, 166.578914, 0.0, 2021-05-26 21:20:10+00:00
CAMERA_6, -45.780151, 166.580088, 0.0, 2021-05-26 21:20:10+00:00
CAMERA_7, -45.778376, 166.580537, 0.0, 2021-05-26 21:20:10+00:00
CAMERA_8, -45.776852, 166.582089, 0.0, 2021-05-26 21:20:10+00:00
CAMERA_9, -45.780742, 166.587212, 0.0, 2021-05-26 21:20:10+00:00
DC01, -45.457843, 167.15064, 0.0, 2021-07-03 02:08:41+00:00
DC02, -45.458405, 167.150723, 0.0, 2021-06-24 03:04:20+00:00
DC03, -45.458862, 167.150842, 0.0, 2021-07-03 02:02:57+00:00
DC04, -45.459182, 167.150936, 0.0, 2021-07-03 02:00:51+00:00
DC05, -45.459716, 167.15152, 0.0, 2021-06-24 03:10:23+00:00
DC05, -45.459404, 167.151067, 0.0, 2021-07-03 01:59:17+00:00
DC06, -45.460109, 167.151288, 0.0, 2021-07-03 01:45:23+00:00
DC06, -45.459885, 167.151132, 0.0, 2021-07-03 01:55:41+00:00
DC07, -45.460098, 167.15143, 0.0, 2021-07-03 01:39:32+00:00
DC07B, -45.460326, 167.151649, 0.0, 2021-07-03 01:52:03+00:00
DC07multi, -45.460389, 167.151668, 0.0, 2021-07-03 01:52:47+00:00
DC08, -45.460645, 167.151386, 0.0, 2021-06-24 03:10:23+00:00
DC09, -45.460882, 167.151617, 0.0, 2021-07-03 01:18:51+00:00
DC10, -45.46137, 167.151822, 0.0, 2021-07-03 01:15:55+00:00
DC11, -45.461906, 167.151933, 0.0, 2021-07-03 01:10:50+00:00
DC12, -45.462664, 167.152315, 0.0, 2021-07-03 00:58:13+00:00
DC13, -45.462743, 167.152793, 0.0, 2021-06-24 03:10:24+00:00
DCA 05, -45.459427, 167.150988, 0.0, 2021-07-03 01:59:51+00:00
DCA01, -45.457782, 167.150685, 0.0, 2021-06-24 03:10:23+00:00
DCA02, -45.458306, 167.15072, 0.0, 2021-06-24 03:10:23+00:00
DCA02, -45.458306, 167.150707, 0.0, 2021-06-24 03:10:24+00:00
DCA03, -45.459107, 167.15088, 0.0, 2021-06-24 03:10:23+00:00
DCA03, -45.458783, 167.151054, 0.0, 2021-07-03 02:03:27+00:00
DCA04, -45.459226, 167.150932, 0.0, 2021-07-03 02:01:21+00:00
DCA05, -45.459715, 167.151508, 0.0, 2021-06-24 03:10:24+00:00
DCA06, -45.459888, 167.151375, 0.0, 2021-07-03 01:46:51+00:00
DCA07, -45.460431, 167.151433, 0.0, 2021-07-03 01:22:53+00:00
DCA07B, -45.460192, 167.151497, 0.0, 2021-07-03 01:42:44+00:00
DCA08, -45.460645, 167.151386, 0.0, 2021-06-24 03:10:24+00:00
DCA09, -45.461062, 167.15179, 0.0, 2021-07-03 01:18:01+00:00
DCA10, -45.461432, 167.151982, 0.0, 2021-07-03 01:13:22+00:00
DCA11, -45.461828, 167.151992, 0.0, 2021-07-03 01:07:31+00:00
DCA12, -45.462655, 167.152482, 0.0, 2021-07-03 01:00:55+00:00
DCA13, -45.462742, 167.15278, 0.0, 2021-06-24 03:10:24+00:00
DCR01, -45.457439, 167.150836, 0.0, 2021-06-24 03:10:24+00:00
DCR02, -45.45702, 167.150738, 0.0, 2021-06-24 03:10:23+00:00
DCR03, -45.456681, 167.150441, 0.0, 2021-06-24 03:10:23+00:00
DCR04, -45.456309, 167.150735, 0.0, 2021-06-24 03:10:23+00:00
DCR05, -45.455902, 167.150701, 0.0, 2021-06-24 03:10:24+00:00
DCR06, -45.455883, 167.150166, 0.0, 2021-06-24 03:10:23+00:00
DCR07, -45.456309, 167.150032, 0.0, 2021-06-24 03:10:23+00:00
DCR08, -45.456397, 167.149473, 0.0, 2021-06-24 03:10:24+00:00
DCR09, -45.456743, 167.149207, 0.0, 2021-06-24 03:10:23+00:00
DCR10, -45.457136, 167.148974, 0.0, 2021-06-24 03:10:23+00:00
DCR11, -45.457517, 167.148845, 0.0, 2021-06-24 03:10:24+00:00
DCR12, -45.45791, 167.148791, 0.0, 2021-06-24 03:10:23+00:00
DCR13, -45.458295, 167.148572, 0.0, 2021-06-24 03:10:23+00:00
DCR14, -45.458692, 167.148582, 0.0, 2021-06-24 03:10:24+00:00
DCR15, -45.459252, 167.148626, 0.0, 2021-06-24 03:10:24+00:00
DCR16, -45.459454, 167.149053, 0.0, 2021-06-24 03:10:24+00:00
DCR17, -45.459833, 167.149078, 0.0, 2021-06-24 03:10:24+00:00
DCR18, -45.460159, 167.149632, 0.0, 2021-06-24 03:10:24+00:00
DCR19, -45.460455, 167.149794, 0.0, 2021-06-24 03:10:24+00:00
DCR20, -45.460842, 167.149613, 0.0, 2021-06-24 03:10:24+00:00
DCR21, -45.461329, 167.149639, 0.0, 2021-06-24 03:10:24+00:00
DCR22, -45.461649, 167.149734, 0.0, 2021-06-24 03:10:24+00:00
DCR23, -45.462104, 167.149814, 0.0, 2021-06-24 03:10:24+00:00
DCR24, -45.462686, 167.149754, 0.0, 2021-06-24 03:10:24+00:00
DCR25, -45.463094, 167.149827, 0.0, 2021-06-24 03:10:24+00:00
DCR26, -45.463335, 167.150122, 0.0, 2021-06-24 03:10:24+00:00
DCR27, -45.463671, 167.150534, 0.0, 2021-06-24 03:10:24+00:00
DCR28, -45.464028, 167.151342, 0.0, 2021-06-24 03:10:24+00:00
DCR29, -45.464332, 167.152014, 0.0, 2021-06-24 03:10:24+00:00
DCR30, -45.464095, 167.152486, 0.0, 2021-06-24 03:10:24+00:00
DCRA01, -45.457439, 167.150836, 0.0, 2021-06-24 03:10:23+00:00
DCRA02, -45.457011, 167.150739, 0.0, 2021-06-24 03:10:24+00:00
DCRA03, -45.45668, 167.150428, 0.0, 2021-06-24 03:10:23+00:00
DCRA04, -45.456309, 167.150735, 0.0, 2021-06-24 03:10:23+00:00
DCRA05, -45.455901, 167.150688, 0.0, 2021-06-24 03:10:23+00:00
DCRA06, -45.455874, 167.150167, 0.0, 2021-06-24 03:10:23+00:00
DCRA07, -45.456309, 167.150032, 0.0, 2021-06-24 03:10:23+00:00
DCRA08, -45.456388, 167.149474, 0.0, 2021-06-24 03:10:24+00:00
DCRA09, -45.456716, 167.149209, 0.0, 2021-06-24 03:10:23+00:00
DCRA10, -45.457083, 167.14898, 0.0, 2021-06-24 03:10:23+00:00
DCRA11, -45.457479, 167.148811, 0.0, 2021-06-24 03:10:24+00:00
DCRA12, -45.457909, 167.148766, 0.0, 2021-06-24 03:10:23+00:00
DCRA13, -45.45823, 167.148541, 0.0, 2021-06-24 03:10:24+00:00
DCRA14, -45.458642, 167.148498, 0.0, 2021-06-24 03:10:24+00:00
DCRA15, -45.45927, 167.148625, 0.0, 2021-06-24 03:10:24+00:00
DCRA16, -45.459426, 167.149043, 0.0, 2021-06-24 03:10:24+00:00
DCRA17, -45.459814, 167.149054, 0.0, 2021-06-24 03:10:24+00:00
DCRA18, -45.460178, 167.149656, 0.0, 2021-06-24 03:10:24+00:00
DCRA19, -45.460446, 167.149782, 0.0, 2021-06-24 03:10:24+00:00
DCRA20, -45.460825, 167.149627, 0.0, 2021-06-24 03:10:24+00:00
DCRA21, -45.461278, 167.149683, 0.0, 2021-06-24 03:10:24+00:00
DCRA22, -45.461675, 167.149705, 0.0, 2021-06-24 03:10:24+00:00
DCRA23, -45.462141, 167.149849, 0.0, 2021-06-24 03:10:24+00:00
DCRA24, -45.462675, 167.149717, 0.0, 2021-06-24 03:10:24+00:00
DCRA25, -45.463094, 167.149827, 0.0, 2021-06-24 03:10:24+00:00
DCRA26, -45.463323, 167.150072, 0.0, 2021-06-24 03:10:24+00:00
DCRA27, -45.463681, 167.150546, 0.0, 2021-06-24 03:10:24+00:00
DCRA28, -45.464019, 167.151343, 0.0, 2021-06-24 03:10:24+00:00
DCRA29, -45.464323, 167.152002, 0.0, 2021-06-24 03:10:24+00:00
DCRA30, -45.464051, 167.152503, 0.0, 2021-06-24 03:10:24+00:00
HF01, -45.471384, 167.16542, 0.0, 2021-07-02 04:48:32+00:00
HF02, -45.468729, 167.165413, 0.0, 2021-06-24 03:10:24+00:00
HF03, -45.467437, 167.16428, 0.0, 2021-06-24 03:10:23+00:00
HF05, -45.466379, 167.165234, 0.0, 2021-06-24 03:10:24+00:00
HF06, -45.465096, 167.166544, 0.0, 2021-06-24 03:10:23+00:00
HF07, -45.466669, 167.1672, 0.0, 2021-06-24 03:10:23+00:00
HF08, -45.467747, 167.167523, 0.0, 2021-06-24 03:10:24+00:00
HF09, -45.4702, 167.167781, 0.0, 2021-06-24 03:10:24+00:00
HF10, -45.471204, 167.168407, 0.0, 2021-07-02 23:03:37+00:00
HF11, -45.471463, 167.166947, 0.0, 2021-06-24 03:10:23+00:00
IC01, -45.774183, 166.592881, 0.0, 2021-05-26 21:14:56+00:00
IC02, -45.773165, 166.589821, 0.0, 2021-05-26 21:14:56+00:00
IC03, -45.773885, 166.587589, 0.0, 2021-05-26 21:14:56+00:00
IC04, -45.773812, 166.585977, 0.0, 2021-05-26 21:14:56+00:00
IC05, -45.773636, 166.585405, 0.0, 2021-05-26 21:14:56+00:00
IC06, -45.773772, 166.584296, 0.0, 2021-05-26 21:14:56+00:00
IC07, -45.774226, 166.581182, 0.0, 2021-05-26 21:14:56+00:00
IC08, -45.775247, 166.580614, 0.0, 2021-05-26 21:14:56+00:00
IC09, -45.776371, 166.580112, 0.0, 2021-05-26 21:14:56+00:00
IC10, -45.77984, 166.573948, 0.0, 2021-05-26 21:14:56+00:00
IC11, -45.782447, 166.570212, 0.0, 2021-05-26 21:14:56+00:00
IC12, -45.782911, 166.570145, 0.0, 2021-05-26 21:14:56+00:00
IC13, -45.783341, 166.570108, 0.0, 2021-05-26 21:14:56+00:00
IC14, -45.782462, 166.572076, 0.0, 2021-05-26 21:14:56+00:00
IC15, -45.783088, 166.572788, 0.0, 2021-05-26 21:14:56+00:00
IC16, -45.783187, 166.574076, 0.0, 2021-05-26 21:14:56+00:00
IC17, -45.783985, 166.575605, 0.0, 2021-05-26 21:14:56+00:00
IC18, -45.782653, 166.577689, 0.0, 2021-05-26 21:14:56+00:00
IC19, -45.783519, 166.580587, 0.0, 2021-05-26 21:14:56+00:00
IC20, -45.783218, 166.582591, 0.0, 2021-05-26 21:14:56+00:00
IC21, -45.783173, 166.582905, 0.0, 2021-05-26 21:14:56+00:00
IC22, -45.782816, 166.59064, 0.0, 2021-05-26 21:14:56+00:00
IC23, -45.782077, 166.592063, 0.0, 2021-05-26 21:14:56+00:00
IC24, -45.780813, 166.59455, 0.0, 2021-05-26 21:14:56+00:00
IC25, -45.780078, 166.596693, 0.0, 2021-05-26 21:14:56+00:00
IC26, -45.777062, 166.600359, 0.0, 2021-05-26 21:14:56+00:00
IC27, -45.776721, 166.59942, 0.0, 2021-05-26 21:14:56+00:00
IC28, -45.775693, 166.599063, 0.0, 2021-05-26 21:14:56+00:00
II003, -45.773909, 166.59937, 0.0, 2021-05-26 21:14:56+00:00
II004, -45.773507, 166.598297, 0.0, 2021-05-26 21:14:56+00:00
II005, -45.773074, 166.597331, 0.0, 2021-05-26 21:14:56+00:00
II006, -45.773697, 166.596552, 0.0, 2021-05-26 21:14:56+00:00
II007, -45.773978, 166.597549, 0.0, 2021-05-26 21:14:56+00:00
II008, -45.774482, 166.59834, 0.0, 2021-05-26 21:14:56+00:00
II009, -45.775005, 166.599154, 0.0, 2021-05-26 21:14:56+00:00
II010, -45.775593, 166.598418, 0.0, 2021-05-26 21:14:56+00:00
II011, -45.774979, 166.597253, 0.0, 2021-05-26 21:14:56+00:00
II012, -45.774584, 166.596167, 0.0, 2021-05-26 21:14:56+00:00
II013, -45.774504, 166.594735, 0.0, 2021-05-26 21:14:56+00:00
II014, -45.774764, 166.593766, 0.0, 2021-05-26 21:14:56+00:00
II015, -45.775416, 166.59207, 0.0, 2021-05-26 21:14:56+00:00
II016, -45.775026, 166.591214, 0.0, 2021-05-26 21:14:56+00:00
II017, -45.774608, 166.589873, 0.0, 2021-05-26 21:14:56+00:00
II018, -45.773973, 166.588673, 0.0, 2021-05-26 21:14:56+00:00
II020, -45.77346, 166.589619, 0.0, 2021-05-26 21:14:56+00:00
II021, -45.774063, 166.590579, 0.0, 2021-05-26 21:14:56+00:00
II022, -45.774369, 166.591702, 0.0, 2021-05-26 21:14:56+00:00
II083, -45.778392, 166.588164, 0.0, 2021-05-26 21:14:56+00:00
II084, -45.779312, 166.5882, 0.0, 2021-05-26 21:14:56+00:00
II086, -45.778583, 166.589647, 0.0, 2021-05-26 21:14:56+00:00
II087, -45.777804, 166.590522, 0.0, 2021-05-26 21:14:56+00:00
II088, -45.776915, 166.590881, 0.0, 2021-05-26 21:14:56+00:00
II089, -45.775999, 166.591231, 0.0, 2021-05-26 21:14:56+00:00
II090, -45.775582, 166.590057, 0.0, 2021-05-26 21:14:56+00:00
II091, -45.775104, 166.588761, 0.0, 2021-05-26 21:14:56+00:00
II092, -45.774896, 166.587306, 0.0, 2021-05-26 21:14:56+00:00
II093, -45.774521, 166.586088, 0.0, 2021-05-26 21:14:56+00:00
II094, -45.774432, 166.584825, 0.0, 2021-05-26 21:14:56+00:00
II095, -45.774328, 166.583306, 0.0, 2021-05-26 21:14:56+00:00
II096, -45.774068, 166.582216, 0.0, 2021-05-26 21:14:56+00:00
II097, -45.775004, 166.582199, 0.0, 2021-05-26 21:14:56+00:00
II098, -45.775299, 166.583438, 0.0, 2021-05-26 21:14:56+00:00
II099, -45.775434, 166.584889, 0.0, 2021-05-26 21:14:56+00:00
II100, -45.775681, 166.58607, 0.0, 2021-05-26 21:14:56+00:00
II101, -45.775793, 166.587408, 0.0, 2021-05-26 21:14:56+00:00
II102, -45.77623, 166.588619, 0.0, 2021-05-26 21:14:56+00:00
II103, -45.77664, 166.589832, 0.0, 2021-05-26 21:14:56+00:00
II125, -45.779502, 166.578799, 0.0, 2021-05-26 21:14:56+00:00
II126, -45.779685, 166.579807, 0.0, 2021-05-26 21:14:56+00:00
II127, -45.779688, 166.581132, 0.0, 2021-05-26 21:14:56+00:00
II128, -45.779542, 166.582384, 0.0, 2021-05-26 21:14:56+00:00
II129, -45.779441, 166.583618, 0.0, 2021-05-26 21:14:56+00:00
II130, -45.779124, 166.584863, 0.0, 2021-05-26 21:14:56+00:00
II131, -45.779489, 166.586224, 0.0, 2021-05-26 21:14:56+00:00
II132, -45.77969, 166.586767, 0.0, 2021-05-26 21:14:56+00:00
II133, -45.780126, 166.587154, 0.0, 2021-05-26 21:14:56+00:00
II134, -45.780939, 166.587511, 0.0, 2021-05-26 21:14:56+00:00
II135, -45.781149, 166.588361, 0.0, 2021-05-26 21:14:56+00:00
II136, -45.781084, 166.589604, 0.0, 2021-05-26 21:14:56+00:00
II137, -45.781714, 166.590574, 0.0, 2021-05-26 21:14:56+00:00
II138, -45.782242, 166.589561, 0.0, 2021-05-26 21:14:56+00:00
II139, -45.782803, 166.588493, 0.0, 2021-05-26 21:14:56+00:00
II140, -45.782842, 166.587253, 0.0, 2021-05-26 21:14:56+00:00
II141, -45.782741, 166.585939, 0.0, 2021-05-26 21:14:56+00:00
II142, -45.782734, 166.584705, 0.0, 2021-05-26 21:14:56+00:00
II143, -45.784046, 166.577001, 0.0, 2021-05-26 21:14:56+00:00
II144, -45.784158, 166.578352, 0.0, 2021-05-26 21:14:56+00:00
II145, -45.78359, 166.579138, 0.0, 2021-05-26 21:14:56+00:00
II146, -45.783264, 166.580694, 0.0, 2021-05-26 21:14:56+00:00
II147, -45.78223, 166.575769, 0.0, 2021-05-26 21:14:56+00:00
II148, -45.781856, 166.574732, 0.0, 2021-05-26 21:14:56+00:00
II149, -45.782035, 166.576139, 0.0, 2021-05-26 21:14:56+00:00
II150, -45.781952, 166.577551, 0.0, 2021-05-26 21:14:56+00:00
II151, -45.782419, 166.579119, 0.0, 2021-05-26 21:14:56+00:00
II152, -45.782607, 166.580216, 0.0, 2021-05-26 21:14:56+00:00
II153, -45.78258, 166.581493, 0.0, 2021-05-26 21:14:56+00:00
II157, -45.78078, 166.575924, 0.0, 2021-05-26 21:14:56+00:00
II158, -45.780954, 166.577255, 0.0, 2021-05-26 21:14:56+00:00
II159, -45.781077, 166.578476, 0.0, 2021-05-26 21:14:56+00:00
II173, -45.780417, 166.579221, 0.0, 2021-05-26 21:14:56+00:00
II174, -45.780808, 166.578018, 0.0, 2021-05-26 21:14:56+00:00
INI01, -45.77965, 166.578872, 0.0, 2021-05-26 21:20:33+00:00
INI02, -45.779754, 166.580558, 0.0, 2021-05-26 21:20:33+00:00
INI03, -45.779543, 166.582551, 0.0, 2021-05-26 21:20:33+00:00
INI04, -45.779529, 166.583736, 0.0, 2021-05-26 21:20:33+00:00
INI05, -45.779176, 166.584832, 0.0, 2021-05-26 21:20:33+00:00
INI06, -45.779692, 166.586792, 0.0, 2021-05-26 21:20:33+00:00
INI07, -45.780963, 166.587469, 0.0, 2021-05-26 21:20:33+00:00
INI08, -45.781228, 166.589446, 0.0, 2021-05-26 21:20:33+00:00
INI09, -45.781597, 166.590896, 0.0, 2021-05-26 21:20:33+00:00
INI10, -45.782166, 166.589479, 0.0, 2021-05-26 21:20:33+00:00
INI11, -45.782858, 166.588023, 0.0, 2021-05-26 21:20:33+00:00
INI12, -45.782721, 166.586714, 0.0, 2021-05-26 21:20:33+00:00
INI13, -45.782875, 166.585139, 0.0, 2021-05-26 21:20:33+00:00
INM1, -45.773538, 166.603015, 0.0, 2021-05-26 21:20:33+00:00
INM4, -45.783326, 166.583067, 0.0, 2021-05-26 21:20:33+00:00
INM7, -45.784091, 166.575246, 0.0, 2021-05-26 21:20:33+00:00
INT01, -45.774059, 166.600112, 0.0, 2021-05-26 21:20:33+00:00
INT02, -45.774085, 166.600096, 0.0, 2021-05-26 21:20:33+00:00
INT03, -45.776062, 166.599226, 0.0, 2021-05-26 21:20:33+00:00
INT04, -45.776907, 166.599373, 0.0, 2021-05-26 21:20:33+00:00
INT05, -45.780164, 166.596619, 0.0, 2021-05-26 21:20:33+00:00
INT06, -45.782671, 166.584069, 0.0, 2021-05-26 21:20:33+00:00
INT07, -45.783832, 166.580718, 0.0, 2021-05-26 21:20:33+00:00
INT08, -45.782572, 166.578162, 0.0, 2021-05-26 21:20:33+00:00
INT09, -45.783433, 166.57428, 0.0, 2021-05-26 21:20:33+00:00
INT10, -45.782174, 166.570166, 0.0, 2021-05-26 21:20:33+00:00
INT11, -45.777058, 166.580483, 0.0, 2021-05-26 21:20:33+00:00
INT12, -45.77398, 166.58736, 0.0, 2021-05-26 21:20:33+00:00
INT13, -45.773253, 166.589952, 0.0, 2021-05-26 21:20:33+00:00
INT14, -45.77426, 166.592808, 0.0, 2021-05-26 21:20:33+00:00
INT15, -45.773741, 166.601011, 0.0, 2021-05-26 21:20:33+00:00
INT16, -45.773497, 166.602917, 0.0, 2021-05-26 21:20:33+00:00
INT17, -45.773827, 166.600473, 0.0, 2021-05-26 21:20:33+00:00
INT18, -45.773741, 166.600856, 0.0, 2021-05-26 21:20:33+00:00
L01, -45.48638, 167.169433, 0.0, 2021-06-24 03:04:20+00:00
L02, -45.486534, 167.169264, 0.0, 2021-06-24 03:04:20+00:00
L03, -45.486723, 167.169616, 0.0, 2021-06-24 03:04:20+00:00
L04, -45.48697, 167.169705, 0.0, 2021-06-24 03:04:20+00:00
L05, -45.487218, 167.169615, 0.0, 2021-06-24 03:04:20+00:00
L06, -45.487412, 167.169711, 0.0, 2021-06-24 03:04:20+00:00
L07, -45.487658, 167.169762, 0.0, 2021-06-24 03:04:20+00:00
L08, -45.487754, 167.169534, 0.0, 2021-06-24 03:04:20+00:00
L09, -45.48811, 167.169638, 0.0, 2021-06-24 03:04:20+00:00
L10, -45.488382, 167.169495, 0.0, 2021-06-24 03:04:20+00:00
L11, -45.488587, 167.169461, 0.0, 2021-06-24 03:04:20+00:00
L12, -45.488786, 167.16912, 0.0, 2021-06-24 03:04:20+00:00
L13, -45.488967, 167.168782, 0.0, 2021-06-24 03:04:20+00:00
L14, -45.489153, 167.168558, 0.0, 2021-06-24 03:04:20+00:00
L15, -45.489261, 167.168201, 0.0, 2021-06-24 03:04:20+00:00
L16, -45.489284, 167.167776, 0.0, 2021-06-24 03:04:20+00:00
L17, -45.489132, 167.167446, 0.0, 2021-06-24 03:04:20+00:00
L18, -45.489245, 167.167012, 0.0, 2021-06-24 03:04:20+00:00
L19, -45.489081, 167.166441, 0.0, 2021-06-24 03:04:20+00:00
L20, -45.489503, 167.166064, 0.0, 2021-06-24 03:04:20+00:00
L21, -45.489674, 167.165726, 0.0, 2021-06-24 03:04:20+00:00
L22, -45.489612, 167.165387, 0.0, 2021-06-24 03:04:20+00:00
L23, -45.489478, 167.164889, 0.0, 2021-06-24 03:04:20+00:00
L24, -45.489427, 167.164242, 0.0, 2021-06-24 03:04:20+00:00
L25, -45.489641, 167.164015, 0.0, 2021-06-24 03:04:20+00:00
L26, -45.490072, 167.163829, 0.0, 2021-06-24 03:04:20+00:00
L27, -45.490752, 167.163925, 0.0, 2021-06-24 03:04:20+00:00
L28, -45.49113, 167.163566, 0.0, 2021-06-24 03:04:20+00:00
L29, -45.491256, 167.163566, 0.0, 2021-06-24 03:04:20+00:00
L30, -45.49138, 167.163361, 0.0, 2021-06-24 03:04:20+00:00
L31, -45.490784, 167.162092, 0.0, 2021-06-24 03:04:20+00:00
L32, -45.490917, 167.161707, 0.0, 2021-06-24 03:04:20+00:00
L33, -45.490903, 167.161247, 0.0, 2021-06-24 03:04:20+00:00
L34, -45.490903, 167.160723, 0.0, 2021-06-24 03:04:20+00:00
L35, -45.490992, 167.160176, 0.0, 2021-06-24 03:04:20+00:00
ODS01, -45.485598, 167.175261, 0.0, 2021-06-24 03:10:24+00:00
ODS02, -45.484038, 167.174667, 0.0, 2021-06-24 03:10:23+00:00
ODS03, -45.483017, 167.173198, 0.0, 2021-06-24 03:10:23+00:00
ODS04, -45.482218, 167.172539, 0.0, 2021-06-24 03:10:24+00:00
ODS05, -45.481428, 167.171162, 0.0, 2021-06-24 03:10:23+00:00
ODS06, -45.479876, 167.170734, 0.0, 2021-06-24 03:10:23+00:00
ODS07, -45.478506, 167.169481, 0.0, 2021-06-24 03:10:24+00:00
ODS08, -45.477119, 167.168946, 0.0, 2021-06-24 03:10:23+00:00
ODS09, -45.477037, 167.166818, 0.0, 2021-06-24 03:10:23+00:00
ODS10, -45.476103, 167.168962, 0.0, 2021-07-02 21:37:23+00:00
ODS11, -45.473988, 167.166865, 0.0, 2021-06-24 03:10:24+00:00
TR01, -45.475305, 167.168507, 0.0, 2021-07-02 21:54:34+00:00
TR02, -45.473239, 167.166123, 0.0, 2021-07-02 22:07:47+00:00
TR03, -45.47212, 167.165369, 0.0, 2021-07-02 22:12:30+00:00
TR04, -45.471093, 167.163236, 0.0, 2021-06-24 03:10:24+00:00
TR04, -45.466249, 167.163764, 0.0, 2021-07-02 22:29:34+00:00
Unnamed, -45.461828, 167.151992, 0.0, 2021-07-03 01:08:18+00:00
Unnamed, -45.461828, 167.151992, 0.0, 2021-07-03 01:08:35+00:00
WR01, -45.464368, 167.156219, 0.0, 2021-06-24 03:10:23+00:00
WR02, -45.464553, 167.158067, 0.0, 2021-06-24 03:10:23+00:00
WR03, -45.466658, 167.158732, 0.0, 2021-06-24 03:10:23+00:00
WR04, -45.468127, 167.159296, 0.0, 2021-06-24 03:10:24+00:00
WR05, -45.469628, 167.160484, 0.0, 2021-06-24 03:10:23+00:00
WR05A GRAV PIT TRAP, -45.471014, 167.161185, 0.0, 2021-06-24 03:10:23+00:00
WR06, -45.471606, 167.162198, 0.0, 2021-06-24 03:10:24+00:00
WR07, -45.473501, 167.162283, 0.0, 2021-06-24 03:10:23+00:00
WR08, -45.475188, 167.16271, 0.0, 2021-06-24 03:10:23+00:00
WR09, -45.477253, 167.163468, 0.0, 2021-06-24 03:10:24+00:00
WR10, -45.477792, 167.166087, 0.0, 2021-06-24 03:10:23+00:00
WR11, -45.47894, 167.168284, 0.0, 2021-06-24 03:10:24+00:00
WR12, -45.480789, 167.169232, 0.0, 2021-06-24 03:10:24+00:00
WR13, -45.482198, 167.170378, 0.0, 2021-06-24 03:10:23+00:00
WR14, -45.484084, 167.169415, 0.0, 2021-06-24 03:10:23+00:00
WR15, -45.485724, 167.168913, 0.0, 2021-06-24 03:10:24+00:00
WR16, -45.484536, 167.171211, 0.0, 2021-06-24 03:10:23+00:00
WR17, -45.485151, 167.1718, 0.0, 2021-06-24 03:10:24+00:00
WR18, -45.486404, 167.169713, 0.0, 2021-06-24 03:10:23+00:00
WR19, -45.486202, 167.172101, 0.0, 2021-06-24 03:10:23+00:00
WR20, -45.485972, 167.174646, 0.0, 2021-06-24 03:10:23+00:00
WR21, -45.485141, 167.177048, 0.0, 2021-06-24 03:10:23+00:00
WR22, -45.485386, 167.177266, 0.0, 2021-06-24 03:10:23+00:00
WR23, -45.487502, 167.178148, 0.0, 2021-06-24 03:10:24+00:00
