name,name-new,name-template, latitude, latitude-new,Lat-Match, longitude, longitude-new,Long-Match, elevation, time, time-new, comment, Type-from template,, symbol, description,Comment- from template,More Info Here
DC01,DC01,DC01,-45.457751196271,-45.457843,,167.15069071896,167.15064,, None, None,2021-07-03 02:08:41+00:00,DOC150 Double,DOC150 Double,, Navaid Red, NEW,Foreshore <> hostel and main wharf,
DC02,DC02,DC02,-45.4583019828968,-45.458405,,167.150723111771,167.150723,, None, None,2021-06-24 03:04:20+00:00,DOC150 Double,DOC150 Double,, Navaid Red, NEW,,
DC03,DC03,DC03,-45.4591023803932,-45.458862,,167.150883104764,167.150842,, None, None,2021-07-03 02:02:57+00:00,DOC150 Double,DOC150 Double,, Navaid Red, NEW,,
DC04,DC04,DC04,-45.4593873532892,-45.459182,,167.151173328389,167.150936,, None, None,2021-07-03 02:00:51+00:00,DOC150 Double,DOC150 Double,, Navaid Red, NEW,,
DC05,DC05,DC05,-45.4597114114274,-45.459404,,167.151523458467,167.151067,, None, None,2021-07-03 01:59:17+00:00,DOC150 Double,DOC150 Double,, Navaid Red, NEW,,
DC05,DC05,DC05,-45.4597114114274,-45.459716,,167.151523458467,167.15152,, None, None,2021-06-24 03:10:23+00:00,DOC150 Double,DOC150 Double,, Navaid Red, NEW,,
DC06,DC06,DC06,-45.4603001745889,-45.459885,,167.151769380315,167.151132,, None, None,2021-07-03 01:55:41+00:00,DOC150 Double,DOC150 Double,, Navaid Red, NEW,,
DC06,DC06,DC06,-45.4603001745889,-45.460109,,167.151769380315,167.151288,, None, None,2021-07-03 01:45:23+00:00,DOC150 Double,DOC150 Double,, Navaid Red, NEW,,
DC07,DC07,DC07,-45.4605746863435,-45.460098,,167.151856028527,167.15143,, None, None,2021-07-03 01:39:32+00:00,DOC150 Double,DOC150 Double,, Navaid Red, NEW,,
DC07M,,DC07M,-45.4606120753796,,,167.151838211578,,, None, None,,DOC150 Double,DOC150 Double,, Navaid Red, NEW,,Does this trap exist? It probably is lurking on the DOC Database but may be a ghost?
DC08,DC08,DC08,-45.4606406940994,-45.460645,,167.151388670925,167.151386,, None, None,2021-06-24 03:10:23+00:00,DOC150 Double,DOC150 Double,, Navaid Red, NEW,,
DC09,DC09,DC09,-45.4612794589841,-45.460882,,167.151731743465,167.151617,, None, None,2021-07-03 01:18:51+00:00,DOC150 Double,DOC150 Double,, Navaid Red, NEW,,
DC10,DC10,DC10,-45.4614445583272,-45.46137,,167.151791367391,167.151822,, None, None,2021-07-03 01:15:55+00:00,DOC150 Double,DOC150 Double,, Navaid Red, NEW,,
DC11,DC11,DC11,-45.4618758688883,-45.461906,,167.151951294989,167.151933,, None, None,2021-07-03 01:10:50+00:00,DOC150 Double,DOC150 Double,, Navaid Red, NEW,,
DC12,DC12,DC12,-45.4628905146583,-45.462664,,167.152076290615,167.152315,, None, None,2021-07-03 00:58:13+00:00,DOC150 Double,DOC150 Double,, Navaid Red, NEW,,
DC13,DC13,DC13,-45.4627384273105,-45.462743,,167.15279565214,167.152793,, None, None,2021-06-24 03:10:24+00:00,DOC150 Double,DOC150 Double,, Navaid Red, NEW,,
DC14,Gone,,-45.4627606503114,,,167.15322828916,,, None, None,,DOC150 Double,,, Navaid Red, NEW,,
DC15,Gone,,-45.463434379073,,,167.153375878073,,, None, None,,DOC150 Double,,, Navaid Red, NEW,,
DCA01,DCA01,DCA01,-45.4577749710729,-45.457782,,167.15069747347,167.150685,, None, None,2021-06-24 03:10:23+00:00,A24,A24,, Navaid Blue, NEW,Foreshore <> hostel and main wharf,
DCA02,DCA02,DCA02,-45.4582996440606,-45.458306,,167.150710724206,167.150707,, None, None,2021-06-24 03:10:24+00:00,A24,A24,, Navaid Blue, NEW,,
DCA02,DCA02,DCA02,-45.4582996440606,-45.458306,,167.150710724206,167.15072,, None, None,2021-06-24 03:10:23+00:00,A24,A24,, Navaid Blue, NEW,,
DCA03,DCA03,DCA03,-45.4591062845831,-45.458783,,167.150880862812,167.151054,, None, None,2021-07-03 02:03:27+00:00,A24,A24,, Navaid Blue, NEW,,
DCA03,DCA03,DCA03,-45.4591062845831,-45.459107,,167.150880862812,167.15088,, None, None,2021-06-24 03:10:23+00:00,A24,A24,, Navaid Blue, NEW,,
DCA04,DCA04,DCA04,-45.4593951713353,-45.459226,,167.151172413646,167.150932,, None, None,2021-07-03 02:01:21+00:00,A24,A24,, Navaid Blue, NEW,,
DCA05,DCA05,DCA05,-45.459710774735,-45.459715,,167.151520422528,167.151508,, None, None,2021-06-24 03:10:24+00:00,A24,A24,, Navaid Blue, NEW,,
DCA06a,,DCA06a,-45.4602966696788,,,167.151798089406,,, None, None,,A24,A24,, Navaid Blue, NEW,,Does this trap exist? It probably is lurking on the DOC Database but may be a ghost?
DCA06b,,DCA06b,-45.4602988317379,,,167.151840171622,,, None, None,,A24,A24,, Navaid Blue, NEW,,Does this trap exist? It probably is lurking on the DOC Database but may be a ghost?
DCA07a,,DCA07a,-45.4606120109828,,,167.15190921731,,, None, None,,A24,A24,, Navaid Blue, NEW,,Does this trap exist? It probably is lurking on the DOC Database but may be a ghost?
DCA07b,,DCA07b,-45.4606488450498,,,167.151930780376,,, None, None,,A24,A24,, Navaid Blue, NEW,,Does this trap exist? It probably is lurking on the DOC Database but may be a ghost?
DCA08,DCA08,DCA08,-45.4606452943843,-45.460645,,167.151398084364,167.151386,, None, None,2021-06-24 03:10:24+00:00,A24,A24,, Navaid Blue, NEW,,
DCA09,DCA09,DCA09,-45.4612879538871,-45.461062,,167.151737554955,167.15179,, None, None,2021-07-03 01:18:01+00:00,A24,A24,, Navaid Blue, NEW,,
DCA10,DCA10,DCA10,-45.4614449764096,-45.461432,,167.151780494207,167.151982,, None, None,2021-07-03 01:13:22+00:00,A24,A24,, Navaid Blue, NEW,,
DCA11,DCA11,DCA11,-45.4618835322757,-45.461828,,167.151971917957,167.151992,, None, None,2021-07-03 01:07:31+00:00,A24,A24,, Navaid Blue, NEW,,
DCA12,DCA12,DCA12,-45.4628784073185,-45.462655,,167.152097166501,167.152482,, None, None,2021-07-03 01:00:55+00:00,A24,A24,, Navaid Blue, NEW,,
DCA13,DCA13,DCA13,-45.4627353111095,-45.462742,,167.152788945965,167.15278,, None, None,2021-06-24 03:10:24+00:00,A24,A24,, Navaid Blue, NEW,,
DCA14,,DCA14,-45.4627775972318,,,167.153229476128,,, None, None,,A24,A24,, Navaid Blue, NEW,,What is going on here? 
DCA15,,DCA15,-45.463441862064,,,167.153363655091,,, None, None,,A24,A24,, Navaid Blue, NEW,,What is going on here? 
DCR01,DCR01,DCR01,-45.4574316030971,-45.457439,,167.150847952353,167.150836,, None, None,2021-06-24 03:10:24+00:00,DOC200 Single,DOC200 Single,, Navaid Red, NEW,DOC line uphill above wharves,
DCR02,DCR02,DCR02,-45.4570115543649,-45.45702,,167.150749550531,167.150738,, None, None,2021-06-24 03:10:23+00:00,DOC200 Single,DOC200 Single,, Navaid Red, NEW,Mesh loose,
DCR03,DCR03,DCR03,-45.4566762864839,-45.456681,,167.150444092822,167.150441,, None, None,2021-06-24 03:10:23+00:00,DOC200 Single,DOC200 Single,, Navaid Red, NEW,"GPS no 7, new disk",
DCR04,DCR04,DCR04,-45.4563073428053,-45.456309,,167.15074458635,167.150735,, None, None,2021-06-24 03:10:23+00:00,DOC200 Single,DOC200 Single,, Navaid Red, NEW,,
DCR05,DCR05,DCR05,-45.4558995173498,-45.455902,,167.150708872571,167.150701,, None, None,2021-06-24 03:10:24+00:00,DOC200 Single,DOC200 Single,, Navaid Red, NEW,,
DCR06,DCR06,DCR06,-45.4558818408807,-45.455883,,167.15017221164,167.150166,, None, None,2021-06-24 03:10:23+00:00,DOC200 Single,DOC200 Single,, Navaid Red, NEW,,
DCR07,DCR07,DCR07,-45.4563080287932,-45.456309,,167.150039733953,167.150032,, None, None,2021-06-24 03:10:23+00:00,DOC200 Single,DOC200 Single,, Navaid Red, NEW,,
DCR08,DCR08,DCR08,-45.4563881917209,-45.456397,,167.149480125565,167.149473,, None, None,2021-06-24 03:10:24+00:00,DOC200 Single,DOC200 Single,, Navaid Red, NEW,,
DCR09,DCR09,DCR09,-45.4567354855435,-45.456743,,167.14921384758,167.149207,, None, None,2021-06-24 03:10:23+00:00,DOC200 Single,DOC200 Single,, Navaid Red, NEW,,
DCR10,DCR10,DCR10,-45.4571295771559,-45.457136,,167.148982361801,167.148974,, None, None,2021-06-24 03:10:23+00:00,DOC200 Single,DOC200 Single,, Navaid Red, NEW,,
DCR11,DCR11,DCR11,-45.4575109264877,-45.457517,,167.148853245639,167.148845,, None, None,2021-06-24 03:10:24+00:00,DOC200 Single,DOC200 Single,, Navaid Red, NEW,,
DCR12,DCR12,DCR12,-45.4579052194298,-45.45791,,167.148800811061,167.148791,, None, None,2021-06-24 03:10:23+00:00,DOC200 Single,DOC200 Single,, Navaid Red, NEW,,
DCR13,DCR13,DCR13,-45.4582918396344,-45.458295,,167.14858160446,167.148572,, None, None,2021-06-24 03:10:23+00:00,DOC200 Single,DOC200 Single,, Navaid Red, NEW,,
DCR14,DCR14,DCR14,-45.4586885072145,-45.458692,,167.148592877673,167.148582,, None, None,2021-06-24 03:10:24+00:00,DOC200 Single,DOC200 Single,, Navaid Red, NEW,,
DCR15,DCR15,DCR15,-45.4592507579502,-45.459252,,167.148638130326,167.148626,, None, None,2021-06-24 03:10:24+00:00,DOC200 Single,DOC200 Single,, Navaid Red, NEW,,
DCR16,DCR16,DCR16,-45.4594527994375,-45.459454,,167.149066146652,167.149053,, None, None,2021-06-24 03:10:24+00:00,DOC200 Single,DOC200 Single,, Navaid Red, NEW,,
DCR17,DCR17,DCR17,-45.459832147269,-45.459833,,167.149090732909,167.149078,, None, None,2021-06-24 03:10:24+00:00,DOC200 Single,DOC200 Single,, Navaid Red, NEW,,
DCR18,DCR18,DCR18,-45.4601580929747,-45.460159,,167.149635093364,167.149632,, None, None,2021-06-24 03:10:24+00:00,DOC200 Single,DOC200 Single,, Navaid Red, NEW,,
DCR19,DCR19,DCR19,-45.4604545034388,-45.460455,,167.149797488863,167.149794,, None, None,2021-06-24 03:10:24+00:00,DOC200 Single,DOC200 Single,, Navaid Red, NEW,,
DCR20,DCR20,DCR20,-45.4608332375992,-45.460842,,167.149617471814,167.149613,, None, None,2021-06-24 03:10:24+00:00,DOC200 Single,DOC200 Single,, Navaid Red, NEW,,
DCR21,DCR21,DCR21,-45.4613216511355,-45.461329,,167.149644813357,167.149639,, None, None,2021-06-24 03:10:24+00:00,DOC200 Single,DOC200 Single,, Navaid Red, NEW,,
DCR22,DCR22,DCR22,-45.461642550038,-45.461649,,167.149740709334,167.149734,, None, None,2021-06-24 03:10:24+00:00,DOC200 Single,DOC200 Single,, Navaid Red, NEW,,
DCR23,DCR23,DCR23,-45.4620976971061,-45.462104,,167.149821394095,167.149814,, None, None,2021-06-24 03:10:24+00:00,DOC200 Single,DOC200 Single,, Navaid Red, NEW,,
DCR24,DCR24,DCR24,-45.4626806834413,-45.462686,,167.149762167119,167.149754,, None, None,2021-06-24 03:10:24+00:00,DOC200 Single,DOC200 Single,, Navaid Red, NEW,,
DCR25,DCR25,DCR25,-45.4630904707673,-45.463094,,167.149836047274,167.149827,, None, None,2021-06-24 03:10:24+00:00,DOC200 Single,DOC200 Single,, Navaid Red, NEW,,
DCR26,DCR26,DCR26,-45.4633316366019,-45.463335,,167.150132109963,167.150122,, None, None,2021-06-24 03:10:24+00:00,DOC200 Single,DOC200 Single,, Navaid Red, NEW,,
DCR27,DCR27,DCR27,-45.463667987926,-45.463671,,167.150546223052,167.150534,, None, None,2021-06-24 03:10:24+00:00,DOC200 Single,DOC200 Single,, Navaid Red, NEW,,
DCR28,DCR28,,-45.4640240185282,-45.464028,,167.151343359339,167.151342,, None, None,2021-06-24 03:10:24+00:00,DOC200 Single,,, Navaid Red, NEW,,
DCR29,DCR29,DCR29,-45.4643287352706,-45.464332,,167.152017901625,167.152014,, None, None,2021-06-24 03:10:24+00:00,DOC200 Single,DOC200 Single,, Navaid Red, NEW,,
DCR30,DCR30,DCR30,-45.4640901505726,-45.464095,,167.152490400946,167.152486,, None, None,2021-06-24 03:10:24+00:00,DOC200 Single,DOC200 Single,, Navaid Red, NEW,,
DCRA01,DCRA01,DCRA01,-45.4574311256136,-45.457439,,167.150846420899,167.150836,, None, None,2021-06-24 03:10:23+00:00,A24,A24,, Navaid Blue, NEW,,
DCRA02,DCRA02,DCRA02,-45.4570094311533,-45.457011,,167.150751414472,167.150739,, None, None,2021-06-24 03:10:24+00:00,A24,A24,, Navaid Blue, NEW,,
DCRA03,DCRA03,DCRA03,-45.4566743199553,-45.45668,,167.150440982702,167.150428,, None, None,2021-06-24 03:10:23+00:00,A24,A24,, Navaid Blue, NEW,,
DCRA04,DCRA04,DCRA04,-45.4563038372896,-45.456309,,167.150740011454,167.150735,, None, None,2021-06-24 03:10:23+00:00,A24,A24,, Navaid Blue, NEW,,
DCRA05,DCRA05,,-45.4558969291642,-45.455901,,167.150701004825,167.150688,, None, None,2021-06-24 03:10:23+00:00,A24,,, Navaid Blue, NEW,,
DCRA06,DCRA06,DCRA06,-45.4558743349165,-45.455874,,167.150168636425,167.150167,, None, None,2021-06-24 03:10:23+00:00,A24,A24,, Navaid Blue, NEW,,
DCRA07,DCRA07,DCRA07,-45.4563033911063,-45.456309,,167.150036128453,167.150032,, None, None,2021-06-24 03:10:23+00:00,A24,A24,, Navaid Blue, NEW,,
DCRA08,DCRA08,DCRA08,-45.4563843441196,-45.456388,,167.149479474694,167.149474,, None, None,2021-06-24 03:10:24+00:00,A24,A24,, Navaid Blue, NEW,,
DCRA09,DCRA09,DCRA09,-45.4567120619275,-45.456716,,167.14921357693,167.149209,, None, None,2021-06-24 03:10:23+00:00,A24,A24,, Navaid Blue, NEW,,
DCRA10,DCRA10,DCRA10,-45.4570816091841,-45.457083,,167.148989088553,167.14898,, None, None,2021-06-24 03:10:23+00:00,A24,A24,, Navaid Blue, NEW,,
DCRA11,DCRA11,DCRA11,-45.4574774416937,-45.457479,,167.148812633395,167.148811,, None, None,2021-06-24 03:10:24+00:00,A24,A24,, Navaid Blue, NEW,,
DCRA12,DCRA12,DCRA12,-45.4579038877923,-45.457909,,167.148768373632,167.148766,, None, None,2021-06-24 03:10:23+00:00,A24,A24,, Navaid Blue, NEW,,
DCRA13,DCRA13,DCRA13,-45.4582260506794,-45.45823,,167.148548794957,167.148541,, None, None,2021-06-24 03:10:24+00:00,A24,A24,, Navaid Blue, NEW,,
DCRA14,DCRA14,DCRA14,-45.4586406500823,-45.458642,,167.148505761663,167.148498,, None, None,2021-06-24 03:10:24+00:00,A24,A24,, Navaid Blue, NEW,,
DCRA15,DCRA15,DCRA15,-45.4592661453995,-45.45927,,167.148626981666,167.148625,, None, None,2021-06-24 03:10:24+00:00,A24,A24,, Navaid Blue, NEW,,
DCRA16,DCRA16,DCRA16,-45.459418944678,-45.459426,,167.14905110226,167.149043,, None, None,2021-06-24 03:10:24+00:00,A24,A24,, Navaid Blue, NEW,,
DCRA17,DCRA17,DCRA17,-45.4598124498667,-45.459814,,167.149061028178,167.149054,, None, None,2021-06-24 03:10:24+00:00,A24,A24,, Navaid Blue, NEW,,
DCRA18,DCRA18,DCRA18,-45.4601770068148,-45.460178,,167.149666247233,167.149656,, None, None,2021-06-24 03:10:24+00:00,A24,A24,, Navaid Blue, NEW,,
DCRA19,DCRA19,DCRA19,-45.4604453999293,-45.460446,,167.149790697084,167.149782,, None, None,2021-06-24 03:10:24+00:00,A24,A24,, Navaid Blue, NEW,,
DCRA20,DCRA20,DCRA20,-45.4608184074123,-45.460825,,167.149633527288,167.149627,, None, None,2021-06-24 03:10:24+00:00,A24,A24,, Navaid Blue, NEW,,
DCRA21,DCRA21,DCRA21,-45.461273735953,-45.461278,,167.149687808155,167.149683,, None, None,2021-06-24 03:10:24+00:00,A24,A24,, Navaid Blue, NEW,,
DCRA22,DCRA22,DCRA22,-45.4616681055075,-45.461675,,167.149714570632,167.149705,, None, None,2021-06-24 03:10:24+00:00,A24,A24,, Navaid Blue, NEW,,
DCRA23,DCRA23,DCRA23,-45.4621396062417,-45.462141,,167.14985178966,167.149849,, None, None,2021-06-24 03:10:24+00:00,A24,A24,, Navaid Blue, NEW,,
DCRA24,DCRA24,DCRA24,-45.462669203976,-45.462675,,167.149729131203,167.149717,, None, None,2021-06-24 03:10:24+00:00,A24,A24,, Navaid Blue, NEW,,
DCRA25,DCRA25,DCRA25,-45.4630915904564,-45.463094,,167.149837603043,167.149827,, None, None,2021-06-24 03:10:24+00:00,A24,A24,, Navaid Blue, NEW,,
DCRA26,DCRA26,DCRA26,-45.4633186564246,-45.463323,,167.150084812149,167.150072,, None, None,2021-06-24 03:10:24+00:00,A24,A24,, Navaid Blue, NEW,,
DCRA27,DCRA27,DCRA27,-45.4636762896448,-45.463681,,167.150555403733,167.150546,, None, None,2021-06-24 03:10:24+00:00,A24,A24,, Navaid Blue, NEW,,
DCRA28,DCRA28,DCRA28,-45.4640148188408,-45.464019,,167.151349533368,167.151343,, None, None,2021-06-24 03:10:24+00:00,A24,A24,, Navaid Blue, NEW,,
DCRA29,DCRA29,DCRA29,-45.4643227330156,-45.464323,,167.152011458931,167.152002,, None, None,2021-06-24 03:10:24+00:00,A24,A24,, Navaid Blue, NEW,,
DCRA30,DCRA30,DCRA30,-45.4640508030567,-45.464051,,167.152513536507,167.152503,, None, None,2021-06-24 03:10:24+00:00,A24,A24,, Navaid Blue, NEW,,
HF01,HF01,HF01,-45.4687285284106,-45.471384,,167.165418274999,167.16542,, None, None,2021-07-02 04:48:32+00:00,DOC150 Double,DOC150 Double,, Navaid Red, NEW,Renumbered HF Line,
HF02,HF02,HF02,-45.4674318137592,-45.468729,,167.164283163328,167.165413,, None, None,2021-06-24 03:10:24+00:00,DOC150 Double,DOC150 Double,, Navaid Red, NEW,,
HF03,HF03,HF03,-45.4661503936462,-45.467437,,167.163341482951,167.16428,, None, None,2021-06-24 03:10:23+00:00,DOC150 Double,DOC150 Double,, Navaid Red, NEW,,
HF04,,HF04,-45.4663736161976,,,167.165237352473,,, None, None,,DOC150 Double,DOC150 Double,, Navaid Red, NEW,,
HF05,HF05,HF05,-45.4666634019308,-45.466379,,167.167203107958,167.165234,, None, None,2021-06-24 03:10:24+00:00,DOC150 Double,DOC150 Double,, Navaid Red, NEW,,
HF06,HF06,HF06,-45.4650904463586,-45.465096,,167.166547139514,167.166544,, None, None,2021-06-24 03:10:23+00:00,DOC150 Double,DOC150 Double,, Navaid Red, NEW,,
HF07,HF07,HF07,-45.4677422047273,-45.466669,,167.167526439059,167.1672,, None, None,2021-06-24 03:10:23+00:00,DOC150 Double,DOC150 Double,, Navaid Red, NEW,,
HF08,HF08,HF08,-45.4678537452663,-45.467747,,167.167770767339,167.167523,, None, None,2021-06-24 03:10:24+00:00,DOC150 Double,DOC150 Double,, Navaid Red, NEW,,
HF09,HF09,HF09,-45.468866257671,-45.4702,,167.167678778205,167.167781,, None, None,2021-06-24 03:10:24+00:00,DOC150 Double,DOC150 Double,, Navaid Red, NEW,,
HF10,HF10,HF10,-45.4701949603491,-45.471204,,167.167784353283,167.168407,, None, None,2021-07-02 23:03:37+00:00,DOC150 Double,DOC150 Double,, Navaid Red, NEW,,
HF11,HF11,HF11,-45.4715659441628,-45.471463,,167.169945456857,167.166947,, None, None,2021-06-24 03:10:23+00:00,DOC150 Double,DOC150 Double,, Navaid Red, NEW,,
HF12,Gone,,-45.4724970453948,,,167.169669997922,,, None, None,,DOC150 Double,,, Navaid Red, NEW,,
HF13,Gone,,-45.4723668038633,,,167.16832525562,,, None, None,,DOC150 Double,,, Navaid Red, NEW,,
HF14,Gone??,,-45.4714574979119,,,167.166949992345,,, None, None,,DOC150 Double,,, Navaid Red, NEW,,
ODS01,ODS01,ODS01,-45.485596253942,-45.485598,,167.175269690413,167.175261,, None, None,2021-06-24 03:10:24+00:00,DOC150 Double,DOC150 Double,, Navaid Red, NEW,Renumbered ODS Line,
ODS02,ODS02,ODS02,-45.4840326555189,-45.484038,,167.174672505791,167.174667,, None, None,2021-06-24 03:10:23+00:00,DOC150 Double,DOC150 Double,, Navaid Red, NEW,,
ODS03,ODS03,ODS03,-45.4830126778039,-45.483017,,167.173211631811,167.173198,, None, None,2021-06-24 03:10:23+00:00,DOC150 Double,DOC150 Double,, Navaid Red, NEW,,
ODS04,ODS04,ODS04,-45.4822126536503,-45.482218,,167.172548330101,167.172539,, None, None,2021-06-24 03:10:24+00:00,DOC150 Double,DOC150 Double,, Navaid Red, NEW,Live stoat noted nearby,
ODS05,ODS05,ODS05,-45.4814209006201,-45.481428,,167.171167576502,167.171162,, None, None,2021-06-24 03:10:23+00:00,DOC150 Double,DOC150 Double,, Navaid Red, NEW,,
ODS06,ODS06,ODS06,-45.4798753030137,-45.479876,,167.170746545611,167.170734,, None, None,2021-06-24 03:10:23+00:00,DOC150 Double,DOC150 Double,, Navaid Red, NEW,,
ODS07,ODS07,ODS07,-45.4785046823644,-45.478506,,167.169488482693,167.169481,, None, None,2021-06-24 03:10:24+00:00,DOC150 Double,DOC150 Double,, Navaid Red, NEW,,
ODS08,ODS08,ODS08,-45.4771151121682,-45.477119,,167.168950277963,167.168946,, None, None,2021-06-24 03:10:23+00:00,DOC150 Double,DOC150 Double,, Navaid Red, NEW,,
ODS09,ODS09,ODS09,-45.4770352539878,-45.477037,,167.166829342474,167.166818,, None, None,2021-06-24 03:10:23+00:00,DOC150 Double,DOC150 Double,, Navaid Red, NEW,,
ODS11,ODS11,ODS11,-45.4739297001984,-45.473988,,167.166234731161,167.166865,, None, None,2021-06-24 03:10:24+00:00,DOC150 Double,DOC150 Double,, Navaid Red, NEW,,
ODS12,,,-45.472061361898,,,167.164961905212,,, None, None,,DOC150 Double,,, Navaid Red, NEW,,
TR01,TR01,TR01,-45.4710840097541,-45.475305,,167.163246314981,167.168507,, None, None,2021-07-02 21:54:34+00:00,DOC150 Double,DOC150 Double,, Navaid Red, NEW,Renmbered TR Line,
TR02,TR02,TR02,-45.4739833849772,-45.473239,,167.166871514157,167.166123,, None, None,2021-07-02 22:07:47+00:00,DOC150 Double,DOC150 Double,, Navaid Red, NEW,,
TR03,TR03,TR03,-45.4754304602517,-45.47212,,167.168617544701,167.165369,, None, None,2021-07-02 22:12:30+00:00,DOC150 Double,DOC150 Double,, Navaid Red, NEW,,
TR04,TR04,TR04,-45.4761466544262,-45.466249,,167.16902363813,167.163764,, None, None,2021-07-02 22:29:34+00:00,DOC150 Double,DOC150 Double,, Navaid Red, NEW,,
TR04,TR04,TR04,-45.4761466544262,-45.471093,,167.16902363813,167.163236,, None, None,2021-06-24 03:10:24+00:00,DOC150 Double,DOC150 Double,, Navaid Red, NEW,,
TR05,Gone,,-45.4694891904847,,,167.163568861592,,, None, None,,DOC150 Double,,, Navaid Red, NEW,,
TR06,Gone,,-45.4686026282966,,,167.162957021089,,, None, None,,DOC150 Double,,, Navaid Red, NEW,,
WR01,WR01,WR01,-45.4643606347192,-45.464368,,167.156232373443,167.156219,, None, None,2021-06-24 03:10:23+00:00,DOC150 Double,DOC150 Double,, Navaid Red, NEW,,
WR02,WR02,WR02,-45.4645522481268,-45.464553,,167.158071305056,167.158067,, None, None,2021-06-24 03:10:23+00:00,DOC150 Double,DOC150 Double,, Navaid Red, NEW,,
WR03,WR03,WR03,-45.4666517678558,-45.466658,,167.15874281975,167.158732,, None, None,2021-06-24 03:10:23+00:00,DOC150 Double,DOC150 Double,, Navaid Red, NEW,,
WR04,WR04,WR04,-45.4681232656561,-45.468127,,167.159297792987,167.159296,, None, None,2021-06-24 03:10:24+00:00,DOC150 Double,DOC150 Double,, Navaid Red, NEW,,
WR05,WR05,WR05,-45.469626641941,-45.469628,,167.160491746001,167.160484,, None, None,2021-06-24 03:10:23+00:00,DOC150 Double,DOC150 Double,, Navaid Red, NEW,,
WR05A GRAV PIT TRAP,WR05A GRAV PIT TRAP,,-45.4710099417328,-45.471014,,167.161187707016,167.161185,, None, None,2021-06-24 03:10:23+00:00,DOC150 Double,,, Navaid Red, NEW,,
WR06,WR06,WR06,-45.4715975600544,-45.471606,,167.162201553034,167.162198,, None, None,2021-06-24 03:10:24+00:00,DOC150 Double,DOC150 Double,, Navaid Red, NEW,,
WR07,WR07,WR07,-45.4735000337795,-45.473501,,167.162296172981,167.162283,, None, None,2021-06-24 03:10:23+00:00,DOC150 Double,DOC150 Double,, Navaid Red, NEW,,
WR08,WR08,WR08,-45.4751872132386,-45.475188,,167.162721464867,167.16271,, None, None,2021-06-24 03:10:23+00:00,DOC150 Double,DOC150 Double,, Navaid Red, NEW,,
WR09,WR09,WR09,-45.4772458619438,-45.477253,,167.163474250296,167.163468,, None, None,2021-06-24 03:10:24+00:00,DOC150 Double,DOC150 Double,, Navaid Red, NEW,,
WR10,WR10,WR10,-45.4777837139205,-45.477792,,167.166099260562,167.166087,, None, None,2021-06-24 03:10:23+00:00,DOC150 Double,DOC150 Double,, Navaid Red, NEW,,
WR11,WR11,WR11,-45.478931269769,-45.47894,,167.168291403799,167.168284,, None, None,2021-06-24 03:10:24+00:00,DOC150 Double,DOC150 Double,, Navaid Red, NEW,,
WR12,WR12,WR12,-45.4807831525964,-45.480789,,167.169243704732,167.169232,, None, None,2021-06-24 03:10:24+00:00,DOC150 Double,DOC150 Double,, Navaid Red, NEW,,
WR13,WR13,WR13,-45.4821936442193,-45.482198,,167.170383789154,167.170378,, None, None,2021-06-24 03:10:23+00:00,DOC150 Double,DOC150 Double,, Navaid Red, NEW,,
WR14,WR14,WR14,-45.4840762334488,-45.484084,,167.169422391783,167.169415,, None, None,2021-06-24 03:10:23+00:00,DOC150 Double,DOC150 Double,, Navaid Red, NEW,Huge beast!,
WR15,WR15,WR15,-45.4857195770683,-45.485724,,167.168922094673,167.168913,, None, None,2021-06-24 03:10:24+00:00,DOC150 Double,DOC150 Double,, Navaid Red, NEW,,
WR16,WR16,WR16,-45.4845276577004,-45.484536,,167.171223605224,167.171211,, None, None,2021-06-24 03:10:23+00:00,DOC150 Double,DOC150 Double,, Navaid Red, NEW,,
WR17,WR17,WR17,-45.4851424239459,-45.485151,,167.171802421676,167.1718,, None, None,2021-06-24 03:10:24+00:00,DOC150 Double,DOC150 Double,, Navaid Red, NEW,,
WR18,WR18,WR18,-45.4863948843159,-45.486404,,167.169716031843,167.169713,, None, None,2021-06-24 03:10:23+00:00,DOC150 Double,DOC150 Double,, Navaid Red, NEW,,
WR19,WR19,WR19,-45.4861944060356,-45.486202,,167.172112050924,167.172101,, None, None,2021-06-24 03:10:23+00:00,DOC150 Double,DOC150 Double,, Navaid Red, NEW,,
WR20,WR20,WR20,-45.4859716878539,-45.485972,,167.174654967044,167.174646,, None, None,2021-06-24 03:10:23+00:00,DOC150 Double,DOC150 Double,, Navaid Red, NEW,,
WR21,WR21,WR21,-45.4851402577987,-45.485141,,167.177054751038,167.177048,, None, None,2021-06-24 03:10:23+00:00,DOC150 Double,DOC150 Double,, Navaid Red, NEW,,
WR22,WR22,WR22,-45.4853812990668,-45.485386,,167.177279384386,167.177266,, None, None,2021-06-24 03:10:23+00:00,DOC150 Double,DOC150 Double,, Navaid Red, NEW,,
WR23,WR23,WR23,-45.4875001864207,-45.487502,,167.178155838404,167.178148,, None, None,2021-06-24 03:10:24+00:00,DOC150 Double,DOC150 Double,, Navaid Red, NEW,,
BP01,BP01,BP01,-45.463723,-45.463723,Match,167.154366,167.154354,,19.388821,2021-03-01 03:07:14+00:00,2021-06-24 03:04:20+00:00,A24,A24,, Pin Blue,Line 1,,
BP02,BP02,BP02,-45.463709,-45.463715,,167.15456,167.154547,,24.330406,2021-03-01 03:05:55+00:00,2021-06-24 03:04:20+00:00,A24,A24,, Pin Blue,Line 1,,
BP03,BP03,BP03,-45.463407,-45.463411,,167.154948,167.154936,,16.31744,2021-03-01 03:04:09+00:00,2021-06-24 03:04:20+00:00,DOC200,DOC200,, Pin Red,Line 1,,
BP04,BP04,BP04,-45.463381,-45.463385,,167.155304,167.155297,,11.89422,2021-03-01 03:02:22+00:00,2021-06-24 03:04:20+00:00,A24,A24,, Pin Blue,Line 1,,
BP05,BP05,BP05,-45.463837,-45.463839,,167.156082,167.156082,Match,18.161633,2021-03-01 02:57:57+00:00,2021-06-24 03:04:20+00:00,A24,A24,, Pin Blue,Line 1,,
BP06,BP06,BP06,-45.463518,-45.463523,,167.156603,167.156601,,23.304579,2021-03-01 02:56:24+00:00,2021-06-24 03:04:20+00:00,DOC200,DOC200,, Pin Red,Line 1,,
BP07,BP07,BP07,-45.463173,-45.463174,,167.156988,167.156982,,30.145847,2021-03-01 02:53:50+00:00,2021-06-24 03:04:20+00:00,A24,A24,, Pin Blue,Line 1,,
BP08,BP08,BP08,-45.463045,-45.463046,,167.15748,167.157469,,25.032833,2021-03-01 02:46:37+00:00,2021-06-24 03:04:20+00:00,A24,A24,, Pin Blue,Line 1,,
BP09,BP09,BP09,-45.463345,-45.463352,,167.157482,167.157475,,41.744884,2021-03-01 02:44:38+00:00,2021-06-24 03:04:20+00:00,DOC200,DOC200,, Pin Red,Line 1,,
BP10,BP10,BP10,-45.463629,-45.46363,,167.157457,167.157447,,53.779259,2021-03-01 02:43:03+00:00,2021-06-24 03:04:20+00:00,A24,A24,, Pin Blue,Line 1,,
BP11,BP11,BP11,-45.464035,-45.464037,,167.157498,167.157494,,61.625385,2021-03-01 02:41:13+00:00,2021-06-24 03:04:20+00:00,A24,A24,, Pin Blue,Line 1,,
BP12,BP12,BP12,-45.464227,-45.46423,,167.157924,167.157922,,60.855202,2021-03-01 02:38:28+00:00,2021-06-24 03:04:19+00:00,DOC200,DOC200,, Pin Red,Line 1,,
BP13,BP13,BP13,-45.464436,-45.464437,,167.158103,167.158092,,52.185066,2021-03-01 02:37:10+00:00,2021-06-24 03:04:19+00:00,A24,A24,, Pin Blue,Line 1,,
BP0.2,BP0.2,BP0.2,-45.463938,-45.463946,,167.1531,167.15309,,20.309067,2021-03-01 03:32:41+00:00,2021-06-24 03:04:20+00:00,A24,A24,, Pin Blue,Line 2,,
BP14,BP14,BP14,-45.464329,-45.464337,,167.153335,167.153331,,26.433802,2021-03-01 03:35:32+00:00,2021-06-24 03:04:20+00:00,A24,A24,, Pin Blue,Line 2,,
BP15,BP15,BP15,-45.464337,-45.464343,,167.153632,167.153624,,36.02346,2021-03-01 03:39:18+00:00,2021-06-24 03:04:20+00:00,A24,A24,, Pin Blue,Line 2,,
BP16,BP16,BP16,-45.464525,-45.46453,,167.153943,167.153938,,41.437988,2021-03-01 03:41:06+00:00,2021-06-24 03:04:20+00:00,DOC200,DOC200,, Pin Red,Line 2,,
BP17,BP17,BP17,-45.464478,-45.46448,,167.1542,167.154199,,39.749222,2021-03-01 03:42:37+00:00,2021-06-24 03:04:20+00:00,A24,A24,, Pin Blue,Line 2,,
BP18,BP18,BP18,-45.464565,-45.464565,Match,167.154636,167.154625,,30.527458,2021-03-01 03:44:21+00:00,2021-06-24 03:04:20+00:00,A24,A24,, Pin Blue,Line 2,,
BP19,BP19,BP19,-45.464769,-45.464773,,167.155173,167.155166,,32.280613,2021-03-01 03:46:12+00:00,2021-06-24 03:04:20+00:00,DOC200,DOC200,, Pin Red,Line 2,,
BP20,BP20,BP20,-45.464694,-45.464699,,167.155648,167.155647,,30.912422,2021-03-01 03:47:53+00:00,2021-06-24 03:04:20+00:00,A24,A24,, Pin Blue,Line 2,,
BP21,BP21,BP21,-45.464541,-45.464541,Match,167.155918,167.155907,,31.87981,2021-03-01 03:49:28+00:00,2021-06-24 03:04:20+00:00,A24,A24,, Pin Blue,Line 2,,
BP22,BP22,BP22,-45.464766,-45.464774,,167.156253,167.156241,,37.034203,2021-03-01 03:51:36+00:00,2021-06-24 03:04:20+00:00,DOC200,DOC200,, Pin Red,Line 2,,
BP27,BP27,BP27,-45.465423,-45.465424,,167.153481,167.153474,,58.910099,2021-03-01 01:10:41+00:00,2021-06-24 03:04:19+00:00,DOC200,DOC200,, Pin Red,Line 3,,
BP28,BP28,BP28,-45.465629,-45.465634,,167.153716,167.153708,,59.558823,2021-03-01 01:09:22+00:00,2021-06-24 03:04:19+00:00,A24,A24,, Pin Blue,Line 3,,
BP29,BP29,BP29,-45.46594,-45.465942,,167.154445,167.154444,,65.044601,2021-03-01 01:06:47+00:00,2021-06-24 03:04:19+00:00,A24,A24,, Pin Blue,Line 3,,
BP30,BP30,BP30,-45.465844,-45.465847,,167.154687,167.154684,,70.517097,2021-03-01 01:03:42+00:00,2021-06-24 03:04:19+00:00,DOC200,DOC200,, Pin Red,Line 3,,
BP31,BP31,BP31,-45.46563,-45.46563,Match,167.154501,167.154489,,66.669121,2021-03-01 01:01:36+00:00,2021-06-24 03:04:19+00:00,A24,A24,, Pin Blue,Line 3,,
BP32,BP32,BP32,-45.465431,-45.465432,,167.153976,167.153972,,61.698624,2021-03-01 00:57:46+00:00,2021-06-24 03:04:19+00:00,DOC200,DOC200,, Pin Red,Line 3,,
BP23,BP23,BP23,-45.464722,-45.464727,,167.156745,167.156732,,62.975327,2021-03-01 02:16:18+00:00,2021-06-24 03:04:19+00:00,DOC200,DOC200,, Pin Red,Line 4,,
BP24,BP24,BP24,-45.464797,-45.464805,,167.157024,167.157018,,75.501312,2021-03-01 02:25:58+00:00,2021-06-24 03:04:19+00:00,A24,A24,, Pin Blue,Line 4,,
BP25,BP25,BP25,-45.464556,-45.46456,,167.15733,167.157325,,75.030815,2021-03-01 02:22:35+00:00,2021-06-24 03:04:19+00:00,A24,A24,, Pin Blue,Line 4,,
BP26,BP26,BP26,-45.464566,-45.46457,,167.15772,167.157707,,70.594307,2021-03-01 02:29:47+00:00,2021-06-24 03:04:19+00:00,DOC200,DOC200,, Pin Red,Line 4,,
BP27.4,BP27.4,BP27.4,-45.46475,-45.46475,Match,167.157882,167.157881,,64.048279,2021-03-01 02:31:42+00:00,2021-06-24 03:10:22+00:00,A24,A24,, Pin Blue,Line 4,,
BP44,BP44,BP44,-45.466559,-45.466567,,167.152057,167.152051,,98.843773,2021-03-01 01:19:09+00:00,2021-06-24 03:04:19+00:00,A24,A24,, Pin Blue,Line 4,,
BP45,BP45,BP45,-45.466874,-45.466881,,167.152401,167.152389,,91.993797,2021-03-01 01:22:08+00:00,2021-06-24 03:04:19+00:00,A24,A24,, Pin Blue,Line 4,,
BP45.4,BP45.4,BP45.4,-45.467236,-45.46724,,167.15273,167.152723,,99.009644,2021-03-01 01:26:26+00:00,2021-06-24 03:04:19+00:00,A24,A24,, Pin Blue,Line 4,,
BP46,BP46,BP46,-45.467252,-45.467255,,167.152839,167.152836,,92.49247,2021-03-01 01:28:13+00:00,2021-06-24 03:04:19+00:00,DOC200,DOC200,, Pin Red,Line 4,,
BP47,BP47,BP47,-45.467266,-45.467268,,167.153273,167.15327,,83.955704,2021-03-01 01:30:45+00:00,2021-06-24 03:04:19+00:00,A24,A24,, Pin Blue,Line 4,,
BP48,BP48,BP48,-45.467273,-45.467276,,167.153601,167.153589,,84.167526,2021-03-01 01:32:30+00:00,2021-06-24 03:04:19+00:00,DOC200,DOC200,, Pin Red,Line 4,,
BP49,BP49,BP49,-45.467126,-45.46713,,167.15392,167.153911,,77.048462,2021-03-01 01:35:43+00:00,2021-06-24 03:04:19+00:00,A24,A24,, Pin Blue,Line 4,,
BP49.4,BP49.4,BP49.4,-45.466929,-45.466936,,167.153987,167.153982,,75.054749,2021-03-01 01:37:28+00:00,2021-06-24 03:04:19+00:00,DOC200,DOC200,, Pin Red,Line 4,,
BP50,BP50,BP50,-45.466738,-45.466741,,167.154045,167.154041,,76.205254,2021-03-01 01:39:57+00:00,2021-06-24 03:04:19+00:00,A24,A24,, Pin Blue,Line 4,,
BP51,BP51,BP51,-45.466704,-45.466704,Match,167.15439,167.154377,,83.188019,2021-03-01 01:42:10+00:00,2021-06-24 03:04:19+00:00,DOC200,DOC200,, Pin Red,Line 4,,
BP52,BP52,BP52,-45.466598,-45.466601,,167.154467,167.154465,,86.26825,2021-03-01 01:43:40+00:00,2021-06-24 03:04:19+00:00,A24,A24,, Pin Blue,Line 4,,
BP53,BP53,BP53,-45.466539,-45.466543,,167.154741,167.15474,,80.116631,2021-03-01 01:45:42+00:00,2021-06-24 03:04:19+00:00,DOC200,DOC200,, Pin Red,Line 4,,
BP53.4,BP53.4,BP53.4,-45.46636,-45.466364,,167.15478,167.154771,,71.65863,2021-03-01 01:47:28+00:00,2021-06-24 03:04:19+00:00,A24,A24,, Pin Blue,Line 4,,
BP54.4,BP54.4,BP54.4,-45.466212,-45.466216,,167.154697,167.154684,,68.855789,2021-03-01 01:49:39+00:00,2021-06-24 03:04:19+00:00,DOC200,DOC200,, Pin Red,Line 4,,
BP55.4,BP55.4,BP55.4,-45.466099,-45.466104,,167.154798,167.154785,,70.281342,2021-03-01 01:51:08+00:00,2021-06-24 03:04:19+00:00,A24,A24,, Pin Blue,Line 4,,
BP56.4,BP56.4,BP56.4,-45.465911,-45.465914,,167.155121,167.155112,,72.995186,2021-03-01 01:53:16+00:00,2021-06-24 03:04:19+00:00,A24,A24,, Pin Blue,Line 4,,
BP58.4,BP58.4,BP58.4,-45.465781,-45.465782,,167.155543,167.155535,,70.018654,2021-03-01 01:59:43+00:00,2021-06-24 03:04:19+00:00,A24,A24,, Pin Blue,Line 4,,
BP59.4,BP59.4,BP59.4,-45.465702,-45.46571,,167.155895,167.155888,,72.343536,2021-03-01 02:02:15+00:00,2021-06-24 03:04:19+00:00,A24,A24,, Pin Blue,Line 4,,
BP60.4,BP60.4,BP60.4,-45.465265,-45.465269,,167.155895,167.155882,,61.223221,2021-03-01 02:04:33+00:00,2021-06-24 03:04:19+00:00,A24,A24,, Pin Blue,Line 4,,
BP61,BP61,BP61,-45.465166,-45.465169,,167.15604,167.156033,,69.345482,2021-03-01 02:06:51+00:00,2021-06-24 03:04:19+00:00,DOC200,DOC200,, Pin Red,Line 4,,
BP62,BP62,BP62,-45.465138,-45.465139,,167.156167,167.156164,,69.247459,2021-03-01 02:08:25+00:00,2021-06-24 03:04:19+00:00,A24,A24,, Pin Blue,Line 4,,
BP63,BP63,BP63,-45.46488,-45.464883,,167.156435,167.156434,,55.353573,2021-03-01 02:10:37+00:00,2021-06-24 03:04:19+00:00,A24,A24,, Pin Blue,Line 4,,
BP64,BP64,BP64,-45.464812,-45.464812,Match,167.156452,167.156441,,51.979195,2021-03-01 02:13:27+00:00,2021-06-24 03:04:19+00:00,A24,A24,, Pin Blue,Line 4,,
BP53.5,BP53.5,BP53.5,-45.461975,-45.46198,,167.149329,167.149328,,188.509552,2021-02-28 19:36:03+00:00,2021-06-24 03:10:22+00:00,A24,A24,, Pin Blue,Line 5,,
BP54,BP54,BP54,-45.461847,-45.461853,,167.149155,167.14915,,202.101562,2021-02-28 19:48:08+00:00,2021-06-24 03:04:19+00:00,A24,A24,, Pin Blue,Line 5,,
BP54.5,BP54.5,BP54.5,-45.46114,-45.461143,,167.148646,167.148635,,219.715271,2021-02-28 20:03:43+00:00,2021-06-24 03:04:19+00:00,A24,A24,, Pin Blue,Line 5,,
BP55,BP55,BP55,-45.460628,-45.460635,,167.148406,167.148393,,212.656723,2021-02-28 20:14:31+00:00,2021-06-24 03:04:19+00:00,A24,A24,, Pin Blue,Line 5,,
BP56,BP56,BP56,-45.460276,-45.460283,,167.148032,167.148021,,205.121765,2021-02-28 20:21:16+00:00,2021-06-24 03:04:19+00:00,A24,A24,, Pin Blue,Line 5,,
BP57,BP57,BP57,-45.460149,-45.460153,,167.14759,167.147586,,215.467514,2021-02-28 20:32:09+00:00,2021-06-24 03:04:19+00:00,A24,A24,, Pin Blue,Line 5,,
BP58,BP58,BP58,-45.459701,-45.459702,,167.148107,167.148106,,206.43924,2021-02-28 20:39:04+00:00,2021-06-24 03:04:19+00:00,A24,A24,, Pin Blue,Line 5,,
BP59,BP59,BP59,-45.459531,-45.459535,,167.148179,167.148175,,194.410507,2021-02-28 20:48:11+00:00,2021-06-24 03:04:19+00:00,A24,A24,, Pin Blue,Line 5,,
BP60,BP60,BP60,-45.45907,-45.459073,,167.148123,167.148121,,175.738297,2021-02-28 20:55:48+00:00,2021-06-24 03:04:19+00:00,A24,A24,, Pin Blue,Line 5,,
BP70,BP70,BP70,-45.465762,-45.465768,,167.152819,167.152811,,42.002918,2021-02-28 22:36:45+00:00,2021-06-24 03:04:19+00:00,DOC200,DOC200,, Pin Red,Line 6,,
BP71,BP71,BP71,-45.465755,-45.465759,,167.152457,167.152454,,42.967293,2021-02-28 22:42:56+00:00,2021-06-24 03:04:19+00:00,A24,A24,, Pin Blue,Line 6,,
BP72,BP72,BP72,-45.465653,-45.465655,,167.152195,167.152183,,55.017143,2021-02-28 22:47:13+00:00,2021-06-24 03:04:19+00:00,A24,A24,, Pin Blue,Line 6,,
BP73,BP73,BP73,-45.465648,-45.465649,,167.15189,167.15189,Match,68.814079,2021-02-28 22:51:57+00:00,2021-06-24 03:04:19+00:00,DOC200,DOC200,, Pin Red,Line 6,,
BP74,BP74,BP74,-45.465433,-45.465441,,167.15152,167.151515,,81.076782,2021-02-28 22:57:16+00:00,2021-06-24 03:04:19+00:00,A24,A24,, Pin Blue,Line 6,,
BP75,BP75,BP75,-45.465066,-45.465071,,167.151164,167.151157,,93.073631,2021-02-28 23:02:14+00:00,2021-06-24 03:04:19+00:00,A24,A24,, Pin Blue,Line 6,,
BP76,BP76,BP76,-45.46521,-45.465212,,167.150928,167.150925,,108.217377,2021-02-28 23:07:37+00:00,2021-06-24 03:04:19+00:00,DOC200,DOC200,, Pin Red,Line 6,,
BP76.6,BP76.6,BP76.6,-45.465062,-45.465067,,167.15073,167.150722,,125.212807,2021-02-28 23:17:09+00:00,2021-06-24 03:04:19+00:00, No Trap, No Trap,, Navaid Black,Line 6,,
BP77,BP77,BP77,-45.465055,-45.465063,,167.150301,167.150288,,151.314484,2021-02-28 23:20:49+00:00,2021-06-24 03:04:19+00:00,A24,A24,, Pin Blue,Line 6,,
BP78,BP78,BP78,-45.464916,-45.464921,,167.150166,167.150162,,164.997482,2021-02-28 23:25:46+00:00,2021-06-24 03:04:19+00:00,A24,A24,, Pin Blue,Line 6,,
BP78.6,BP78.6,BP78.6,-45.465061,-45.465067,,167.149513,167.149507,,186.063461,2021-02-28 23:35:25+00:00,2021-06-24 03:04:19+00:00,A24 down hill,A24 down hill,, Pin Blue,Line 6,,
BP79,BP79,BP79,-45.465018,-45.465019,,167.149622,167.149614,,193.359573,2021-02-28 23:36:52+00:00,2021-06-24 03:04:19+00:00,A24,A24,, Pin Blue,Line 6,,
BP80,BP80,BP80,-45.464874,-45.464875,,167.149259,167.149258,,221.153473,2021-02-28 23:44:12+00:00,2021-06-24 03:04:19+00:00,A24,A24,, Pin Blue,Line 6,,
BP81,BP81,BP81,-45.464807,-45.464812,,167.148927,167.148919,,232.546707,2021-02-28 23:50:33+00:00,2021-06-24 03:04:19+00:00,A24,A24,, Pin Blue,Line 6,,
BP82,BP82,BP82,-45.46456,-45.464562,,167.148949,167.148945,,235.754959,2021-02-28 23:55:13+00:00,2021-06-24 03:04:19+00:00,A24,A24,, Pin Blue,Line 6,,
BP83,BP83,BP83,-45.464264,-45.464266,,167.148804,167.148797,,240.668991,2021-02-28 23:58:43+00:00,2021-06-24 03:04:19+00:00,A24,A24,, Pin Blue,Line 6,,
BP84,BP84,BP84,-45.464004,-45.464011,,167.148736,167.148734,,236.377335,2021-03-01 00:02:48+00:00,2021-06-24 03:04:19+00:00,A24,A24,, Pin Blue,Line 6,,
BP85,BP85,BP85,-45.463761,-45.463767,,167.148378,167.148375,,235.779617,2021-03-01 00:07:55+00:00,2021-06-24 03:04:19+00:00,A24,A24,, Pin Blue,Line 6,,
BPA01,BPA01,BPA01,-45.463719,-45.463721,,167.15431,167.154303,,19.394974,2021-03-01 18:48:56+00:00,2021-06-24 03:04:20+00:00,A12,A12,, Pin Green,Line 7,Removed to line 2,
BPA02,BPA02,BPA02,-45.463505,-45.463513,,167.153588,167.153583,,20.532106,2021-03-01 18:45:31+00:00,2021-06-24 03:04:20+00:00,A12,A12,, Pin Green,Line 7,Counters,
BPA03,BPA03,BPA03,-45.464019,-45.464025,,167.153227,167.153222,,24.546474,2021-03-01 18:55:25+00:00,2021-06-24 03:04:20+00:00,A12,A12,, Pin Green,Line 7,,
BPA04,,BPA04,-45.463447,,,167.15299,,,19.522469,2021-03-01 18:51:04+00:00,,A12,A12,, Pin Green,Line 7,Counters. Removed to line 2,
BPA05,BPA05,BPA05,-45.464015,-45.464019,,167.153633,167.153632,,26.367428,2021-03-01 18:56:30+00:00,2021-06-24 03:04:20+00:00,A12,A12,, Pin Green,Line 7,Removed to line 2,
BPT01,,BPT01,-45.458399,,,167.150725,,,17.673618,2021-03-01 18:33:00+00:00,, Trapinator, Trapinator,, Pin Green,Line 7,? Missed,
BPT02,,BPT02,-45.462147,,,167.152094,,,20.708523,2021-03-01 18:41:54+00:00,, Trapinator, Trapinator,, Pin Green,Line 7,,
BPT03,,BPT03,-45.459134,,,167.150921,,,19.401604,2021-03-01 18:35:24+00:00,, Trapinator, Trapinator,, Pin Green,Line 7,,
BPT04,,BPT04,-45.460451,,,167.151384,,,17.093588,2021-03-01 18:38:35+00:00,, Trapinator, Trapinator,, Pin Green,Line 7,,
BPT05,BPT05,BPT05,-45.4658,-45.465808,,167.158333,167.158321,,35.897243,2021-03-01 19:06:46+00:00,2021-06-24 03:04:20+00:00, Trapinator, Trapinator,, Pin Green,Line 7,,
BPT06,BPT06,BPT06,-45.466609,-45.466616,,167.158812,167.1588,,31.37886,2021-03-01 19:08:29+00:00,2021-06-24 03:04:20+00:00, Trapinator, Trapinator,, Pin Green,Line 7,"Broken, too low, moved higher",
BPT07,BPT07,BPT07,-45.467704,-45.467709,,167.159761,167.159749,,21.857111,2021-03-01 19:10:20+00:00,2021-06-24 03:04:20+00:00, Trapinator, Trapinator,, Pin Green,Line 7,,
BPT08,BPT08,BPT08,-45.464882,-45.464889,,167.158134,167.158122,,46.232666,2021-03-01 19:03:24+00:00,2021-06-24 03:04:20+00:00, Trapinator, Trapinator,, Pin Green,Line 7,,
BPT09,BPT09,BPT09,-45.468211,-45.468212,,167.159905,167.159901,,17.120449,2021-03-01 19:11:35+00:00,2021-06-24 03:04:20+00:00, Trapinator, Trapinator,, Pin Green,Line 7,,
BPT10,BPT10,BPT10,-45.469326,-45.469327,,167.160425,167.160413,,15.682059,2021-03-01 19:15:01+00:00,2021-06-24 03:04:20+00:00, Trapinator, Trapinator,, Pin Green,Line 7,,
L01,L01,L01,-45.486374,-45.48638,,167.169442,167.169433,,141.43808,2021-03-01 19:50:49+00:00,2021-06-24 03:04:20+00:00,DOC200,DOC200,, Pin Red,Line 8,,
L02,L02,L02,-45.486534,-45.486534,Match,167.169273,167.169264,,151.237137,2021-03-01 19:52:43+00:00,2021-06-24 03:04:20+00:00,A24,A24,, Pin Blue,Line 8,,
L03,L03,L03,-45.48672,-45.486723,,167.169621,167.169616,,161.115799,2021-03-01 19:54:31+00:00,2021-06-24 03:04:20+00:00,DOC200,DOC200,, Pin Red,Line 8,,
L04,L04,L04,-45.486963,-45.48697,,167.169717,167.169705,,172.532318,2021-03-01 19:56:16+00:00,2021-06-24 03:04:20+00:00,A24,A24,, Pin Blue,Line 8,,
L05,L05,L05,-45.487213,-45.487218,,167.169619,167.169615,,182.108597,2021-03-01 19:58:01+00:00,2021-06-24 03:04:20+00:00,DOC200,DOC200,, Pin Red,Line 8,,
L06,L06,L06,-45.487408,-45.487412,,167.169713,167.169711,,194.696594,2021-03-01 20:00:03+00:00,2021-06-24 03:04:20+00:00,A24,A24,, Pin Blue,Line 8,,
L07,L07,L07,-45.487654,-45.487658,,167.169766,167.169762,,208.177719,2021-03-01 20:02:09+00:00,2021-06-24 03:04:20+00:00,DOC200,DOC200,, Pin Red,Line 8,,
L08,L08,L08,-45.487747,-45.487754,,167.169544,167.169534,,219.993988,2021-03-01 20:04:31+00:00,2021-06-24 03:04:20+00:00,DOC200,DOC200,, Pin Red,Line 8,,
L09,L09,L09,-45.48811,-45.48811,Match,167.16964,167.169638,,225.25238,2021-03-01 20:06:38+00:00,2021-06-24 03:04:20+00:00,DOC200,DOC200,, Pin Red,Line 8,"Sprung, egg gone. Weight tested.",
L10,L10,L10,-45.488375,-45.488382,,167.1695,167.169495,,232.642471,2021-03-01 20:08:51+00:00,2021-06-24 03:04:20+00:00,DOC200,DOC200,, Pin Red,Line 8,,
L11,L11,L11,-45.488586,-45.488587,,167.169466,167.169461,,239.580872,2021-03-01 20:10:42+00:00,2021-06-24 03:04:20+00:00,DOC200,DOC200,, Pin Red,Line 8,,
L12,L12,L12,-45.488782,-45.488786,,167.169129,167.16912,,258.638214,2021-03-01 20:13:47+00:00,2021-06-24 03:04:20+00:00,DOC200,DOC200,, Pin Red,Line 8,,
L13,L13,L13,-45.488966,-45.488967,,167.168791,167.168782,,261.033783,2021-03-01 20:15:54+00:00,2021-06-24 03:04:20+00:00, No Trap, No Trap,, Navaid Black,Line 8,,
L14,L14,L14,-45.489153,-45.489153,Match,167.168562,167.168558,,268.1922,2021-03-01 20:17:30+00:00,2021-06-24 03:04:20+00:00, No Trap, No Trap,, Navaid Black,Line 8,,
L15,L15,L15,-45.489259,-45.489261,,167.168213,167.168201,,267.655457,2021-03-01 20:19:22+00:00,2021-06-24 03:04:20+00:00, No Trap, No Trap,, Navaid Black,Line 8,,
L16,L16,L16,-45.489283,-45.489284,,167.167782,167.167776,,266.150879,2021-03-01 22:32:51+00:00,2021-06-24 03:04:20+00:00, No Trap, No Trap,, Navaid Black,Line 8,,
L17,L17,L17,-45.48913,-45.489132,,167.167453,167.167446,,261.949615,2021-03-01 22:31:35+00:00,2021-06-24 03:04:20+00:00, No Trap, No Trap,, Navaid Black,Line 8,,
L18,L18,L18,-45.489244,-45.489245,,167.167018,167.167012,,247.168213,2021-03-01 22:29:03+00:00,2021-06-24 03:04:20+00:00, No Trap, No Trap,, Navaid Black,Line 8,,
L19,L19,L19,-45.489073,-45.489081,,167.166443,167.166441,,235.958786,2021-03-01 22:27:01+00:00,2021-06-24 03:04:20+00:00, No Trap, No Trap,, Navaid Black,Line 8,,
L20,L20,L20,-45.489501,-45.489503,,167.166076,167.166064,,239.098862,2021-03-01 22:24:32+00:00,2021-06-24 03:04:20+00:00, No Trap, No Trap,, Navaid Black,Line 8,,
L21,L21,L21,-45.489671,-45.489674,,167.165737,167.165726,,229.861191,2021-03-01 22:22:39+00:00,2021-06-24 03:04:20+00:00, No Trap, No Trap,, Navaid Black,Line 8,,
L22,L22,L22,-45.489612,-45.489612,Match,167.165397,167.165387,,214.654144,2021-03-01 22:20:26+00:00,2021-06-24 03:04:20+00:00, No Trap, No Trap,, Navaid Black,Line 8,,
L23,L23,L23,-45.489474,-45.489478,,167.164898,167.164889,,201.534988,2021-03-01 22:17:10+00:00,2021-06-24 03:04:20+00:00, No Trap, No Trap,, Navaid Black,Line 8,,
L24,L24,L24,-45.489421,-45.489427,,167.164246,167.164242,,201.410812,2021-03-01 22:15:26+00:00,2021-06-24 03:04:20+00:00, No Trap, No Trap,, Navaid Black,Line 8,,
L25,L25,L25,-45.489634,-45.489641,,167.164024,167.164015,,213.023804,2021-03-01 22:14:08+00:00,2021-06-24 03:04:20+00:00, No Trap, No Trap,, Navaid Black,Line 8,,
L26,L26,L26,-45.490067,-45.490072,,167.163833,167.163829,,224.00264,2021-03-01 22:12:29+00:00,2021-06-24 03:04:20+00:00, No Trap, No Trap,, Navaid Black,Line 8,,
L27,L27,L27,-45.490746,-45.490752,,167.163937,167.163925,,221.796295,2021-03-01 22:10:57+00:00,2021-06-24 03:04:20+00:00, No Trap, No Trap,, Navaid Black,Line 8,,
L28,L28,L28,-45.491128,-45.49113,,167.163578,167.163566,,223.989426,2021-03-01 22:09:07+00:00,2021-06-24 03:04:20+00:00, No Trap, No Trap,, Navaid Black,Line 8,,
L29,L29,L29,-45.491252,-45.491256,,167.163578,167.163566,,234.656464,2021-03-01 22:06:51+00:00,2021-06-24 03:04:20+00:00, No Trap, No Trap,, Navaid Black,Line 8,,
L30,L30,L30,-45.49138,-45.49138,Match,167.163368,167.163361,,235.531082,2021-03-01 22:04:38+00:00,2021-06-24 03:04:20+00:00, No Trap, No Trap,, Navaid Black,Line 8,,
L31,L31,L31,-45.490778,-45.490784,,167.162099,167.162092,,222.375717,2021-03-01 22:03:07+00:00,2021-06-24 03:04:20+00:00, No Trap, No Trap,, Navaid Black,Line 8,,
L32,L32,L32,-45.490909,-45.490917,,167.161715,167.161707,,226.960892,2021-03-01 21:56:17+00:00,2021-06-24 03:04:20+00:00, No Trap, No Trap,, Navaid Black,Line 8,,
L33,L33,L33,-45.490895,-45.490903,,167.161255,167.161247,,212.373352,2021-03-01 21:54:34+00:00,2021-06-24 03:04:20+00:00, No Trap, No Trap,, Navaid Black,Line 8,,
L34,L34,L34,-45.490895,-45.490903,,167.160731,167.160723,,207.577026,2021-03-01 21:53:31+00:00,2021-06-24 03:04:20+00:00, No Trap, No Trap,, Navaid Black,Line 8,,
L35,L35,L35,-45.490985,-45.490992,,167.160183,167.160176,,206.390717,2021-03-01 21:51:08+00:00,2021-06-24 03:04:20+00:00, No Trap, No Trap,, Navaid Black,Line 8,,