name,name-new," latitude"," longitude"," elevation"," time"," comment"," symbol"," description"," latitude-new"," longitude-new"," time-new",name," Type-template",Comment-template
BP0.2,BP0.2,-45.463938,167.1531,20.309067,"2021-03-01 03:32:41+00:00",A24," Pin Blue","Line 2",-45.463946,167.15309,"2021-06-24 03:04:20+00:00",BP0.2,A24,""
BP01,BP01,-45.463723,167.154366,19.388821,"2021-03-01 03:07:14+00:00",A24," Pin Blue","Line 1",-45.463723,167.154354,"2021-06-24 03:04:20+00:00",BP01,A24,""
BP02,BP02,-45.463709,167.15456,24.330406,"2021-03-01 03:05:55+00:00",A24," Pin Blue","Line 1",-45.463715,167.154547,"2021-06-24 03:04:20+00:00",BP02,A24,""
BP03,BP03,-45.463407,167.154948,16.31744,"2021-03-01 03:04:09+00:00",DOC200," Pin Red","Line 1",-45.463411,167.154936,"2021-06-24 03:04:20+00:00",BP03,DOC200,""
BP04,BP04,-45.463381,167.155304,11.89422,"2021-03-01 03:02:22+00:00",A24," Pin Blue","Line 1",-45.463385,167.155297,"2021-06-24 03:04:20+00:00",BP04,A24,""
BP05,BP05,-45.463837,167.156082,18.161633,"2021-03-01 02:57:57+00:00",A24," Pin Blue","Line 1",-45.463839,167.156082,"2021-06-24 03:04:20+00:00",BP05,A24,""
BP06,BP06,-45.463518,167.156603,23.304579,"2021-03-01 02:56:24+00:00",DOC200," Pin Red","Line 1",-45.463523,167.156601,"2021-06-24 03:04:20+00:00",BP06,DOC200,""
BP07,BP07,-45.463173,167.156988,30.145847,"2021-03-01 02:53:50+00:00",A24," Pin Blue","Line 1",-45.463174,167.156982,"2021-06-24 03:04:20+00:00",BP07,A24,""
BP08,BP08,-45.463045,167.15748,25.032833,"2021-03-01 02:46:37+00:00",A24," Pin Blue","Line 1",-45.463046,167.157469,"2021-06-24 03:04:20+00:00",BP08,A24,""
BP09,BP09,-45.463345,167.157482,41.744884,"2021-03-01 02:44:38+00:00",DOC200," Pin Red","Line 1",-45.463352,167.157475,"2021-06-24 03:04:20+00:00",BP09,DOC200,""
BP10,BP10,-45.463629,167.157457,53.779259,"2021-03-01 02:43:03+00:00",A24," Pin Blue","Line 1",-45.46363,167.157447,"2021-06-24 03:04:20+00:00",BP10,A24,""
BP11,BP11,-45.464035,167.157498,61.625385,"2021-03-01 02:41:13+00:00",A24," Pin Blue","Line 1",-45.464037,167.157494,"2021-06-24 03:04:20+00:00",BP11,A24,""
BP12,BP12,-45.464227,167.157924,60.855202,"2021-03-01 02:38:28+00:00",DOC200," Pin Red","Line 1",-45.46423,167.157922,"2021-06-24 03:04:19+00:00",BP12,DOC200,""
BP13,BP13,-45.464436,167.158103,52.185066,"2021-03-01 02:37:10+00:00",A24," Pin Blue","Line 1",-45.464437,167.158092,"2021-06-24 03:04:19+00:00",BP13,A24,""
BP14,BP14,-45.464329,167.153335,26.433802,"2021-03-01 03:35:32+00:00",A24," Pin Blue","Line 2",-45.464337,167.153331,"2021-06-24 03:04:20+00:00",BP14,A24,""
BP15,BP15,-45.464337,167.153632,36.02346,"2021-03-01 03:39:18+00:00",A24," Pin Blue","Line 2",-45.464343,167.153624,"2021-06-24 03:04:20+00:00",BP15,A24,""
BP16,BP16,-45.464525,167.153943,41.437988,"2021-03-01 03:41:06+00:00",DOC200," Pin Red","Line 2",-45.46453,167.153938,"2021-06-24 03:04:20+00:00",BP16,DOC200,""
BP17,BP17,-45.464478,167.1542,39.749222,"2021-03-01 03:42:37+00:00",A24," Pin Blue","Line 2",-45.46448,167.154199,"2021-06-24 03:04:20+00:00",BP17,A24,""
BP18,BP18,-45.464565,167.154636,30.527458,"2021-03-01 03:44:21+00:00",A24," Pin Blue","Line 2",-45.464565,167.154625,"2021-06-24 03:04:20+00:00",BP18,A24,""
BP19,BP19,-45.464769,167.155173,32.280613,"2021-03-01 03:46:12+00:00",DOC200," Pin Red","Line 2",-45.464773,167.155166,"2021-06-24 03:04:20+00:00",BP19,DOC200,""
BP20,BP20,-45.464694,167.155648,30.912422,"2021-03-01 03:47:53+00:00",A24," Pin Blue","Line 2",-45.464699,167.155647,"2021-06-24 03:04:20+00:00",BP20,A24,""
BP21,BP21,-45.464541,167.155918,31.87981,"2021-03-01 03:49:28+00:00",A24," Pin Blue","Line 2",-45.464541,167.155907,"2021-06-24 03:04:20+00:00",BP21,A24,""
BP22,BP22,-45.464766,167.156253,37.034203,"2021-03-01 03:51:36+00:00",DOC200," Pin Red","Line 2",-45.464774,167.156241,"2021-06-24 03:04:20+00:00",BP22,DOC200,""
BP23,BP23,-45.464722,167.156745,62.975327,"2021-03-01 02:16:18+00:00",DOC200," Pin Red","Line 4",-45.464727,167.156732,"2021-06-24 03:04:19+00:00",BP23,DOC200,""
BP24,BP24,-45.464797,167.157024,75.501312,"2021-03-01 02:25:58+00:00",A24," Pin Blue","Line 4",-45.464805,167.157018,"2021-06-24 03:04:19+00:00",BP24,A24,""
BP25,BP25,-45.464556,167.15733,75.030815,"2021-03-01 02:22:35+00:00",A24," Pin Blue","Line 4",-45.46456,167.157325,"2021-06-24 03:04:19+00:00",BP25,A24,""
BP26,BP26,-45.464566,167.15772,70.594307,"2021-03-01 02:29:47+00:00",DOC200," Pin Red","Line 4",-45.46457,167.157707,"2021-06-24 03:04:19+00:00",BP26,DOC200,""
BP27,BP27,-45.465423,167.153481,58.910099,"2021-03-01 01:10:41+00:00",DOC200," Pin Red","Line 3",-45.465424,167.153474,"2021-06-24 03:04:19+00:00",BP27,DOC200,""
BP27.4,BP27.4,-45.46475,167.157882,64.048279,"2021-03-01 02:31:42+00:00",A24," Pin Blue","Line 4",-45.46475,167.157881,"2021-06-24 03:10:22+00:00",BP27.4,A24,""
BP28,BP28,-45.465629,167.153716,59.558823,"2021-03-01 01:09:22+00:00",A24," Pin Blue","Line 3",-45.465634,167.153708,"2021-06-24 03:04:19+00:00",BP28,A24,""
BP29,BP29,-45.46594,167.154445,65.044601,"2021-03-01 01:06:47+00:00",A24," Pin Blue","Line 3",-45.465942,167.154444,"2021-06-24 03:04:19+00:00",BP29,A24,""
BP30,BP30,-45.465844,167.154687,70.517097,"2021-03-01 01:03:42+00:00",DOC200," Pin Red","Line 3",-45.465847,167.154684,"2021-06-24 03:04:19+00:00",BP30,DOC200,""
BP31,BP31,-45.46563,167.154501,66.669121,"2021-03-01 01:01:36+00:00",A24," Pin Blue","Line 3",-45.46563,167.154489,"2021-06-24 03:04:19+00:00",BP31,A24,""
BP32,BP32,-45.465431,167.153976,61.698624,"2021-03-01 00:57:46+00:00",DOC200," Pin Red","Line 3",-45.465432,167.153972,"2021-06-24 03:04:19+00:00",BP32,DOC200,""
BP44,BP44,-45.466559,167.152057,98.843773,"2021-03-01 01:19:09+00:00",A24," Pin Blue","Line 4",-45.466567,167.152051,"2021-06-24 03:04:19+00:00",BP44,A24,""
BP45,BP45,-45.466874,167.152401,91.993797,"2021-03-01 01:22:08+00:00",A24," Pin Blue","Line 4",-45.466881,167.152389,"2021-06-24 03:04:19+00:00",BP45,A24,""
BP45.4,BP45.4,-45.467236,167.15273,99.009644,"2021-03-01 01:26:26+00:00",A24," Pin Blue","Line 4",-45.46724,167.152723,"2021-06-24 03:04:19+00:00",BP45.4,A24,""
BP46,BP46,-45.467252,167.152839,92.49247,"2021-03-01 01:28:13+00:00",DOC200," Pin Red","Line 4",-45.467255,167.152836,"2021-06-24 03:04:19+00:00",BP46,DOC200,""
BP47,BP47,-45.467266,167.153273,83.955704,"2021-03-01 01:30:45+00:00",A24," Pin Blue","Line 4",-45.467268,167.15327,"2021-06-24 03:04:19+00:00",BP47,A24,""
BP48,BP48,-45.467273,167.153601,84.167526,"2021-03-01 01:32:30+00:00",DOC200," Pin Red","Line 4",-45.467276,167.153589,"2021-06-24 03:04:19+00:00",BP48,DOC200,""
BP49,BP49,-45.467126,167.15392,77.048462,"2021-03-01 01:35:43+00:00",A24," Pin Blue","Line 4",-45.46713,167.153911,"2021-06-24 03:04:19+00:00",BP49,A24,""
BP49.4,BP49.4,-45.466929,167.153987,75.054749,"2021-03-01 01:37:28+00:00",DOC200," Pin Red","Line 4",-45.466936,167.153982,"2021-06-24 03:04:19+00:00",BP49.4,DOC200,""
BP50,BP50,-45.466738,167.154045,76.205254,"2021-03-01 01:39:57+00:00",A24," Pin Blue","Line 4",-45.466741,167.154041,"2021-06-24 03:04:19+00:00",BP50,A24,""
BP51,BP51,-45.466704,167.15439,83.188019,"2021-03-01 01:42:10+00:00",DOC200," Pin Red","Line 4",-45.466704,167.154377,"2021-06-24 03:04:19+00:00",BP51,DOC200,""
BP52,BP52,-45.466598,167.154467,86.26825,"2021-03-01 01:43:40+00:00",A24," Pin Blue","Line 4",-45.466601,167.154465,"2021-06-24 03:04:19+00:00",BP52,A24,""
BP53,BP53,-45.466539,167.154741,80.116631,"2021-03-01 01:45:42+00:00",DOC200," Pin Red","Line 4",-45.466543,167.15474,"2021-06-24 03:04:19+00:00",BP53,DOC200,""
BP53.4,BP53.4,-45.46636,167.15478,71.65863,"2021-03-01 01:47:28+00:00",A24," Pin Blue","Line 4",-45.466364,167.154771,"2021-06-24 03:04:19+00:00",BP53.4,A24,""
BP53.5,BP53.5,-45.461975,167.149329,188.509552,"2021-02-28 19:36:03+00:00",A24," Pin Blue","Line 5",-45.46198,167.149328,"2021-06-24 03:10:22+00:00",BP53.5,A24,""
BP54,BP54,-45.461847,167.149155,202.101562,"2021-02-28 19:48:08+00:00",A24," Pin Blue","Line 5",-45.461853,167.14915,"2021-06-24 03:04:19+00:00",BP54,A24,""
BP54.4,BP54.4,-45.466212,167.154697,68.855789,"2021-03-01 01:49:39+00:00",DOC200," Pin Red","Line 4",-45.466216,167.154684,"2021-06-24 03:04:19+00:00",BP54.4,DOC200,""
BP54.5,BP54.5,-45.46114,167.148646,219.715271,"2021-02-28 20:03:43+00:00",A24," Pin Blue","Line 5",-45.461143,167.148635,"2021-06-24 03:04:19+00:00",BP54.5,A24,""
BP55,BP55,-45.460628,167.148406,212.656723,"2021-02-28 20:14:31+00:00",A24," Pin Blue","Line 5",-45.460635,167.148393,"2021-06-24 03:04:19+00:00",BP55,A24,""
BP55.4,BP55.4,-45.466099,167.154798,70.281342,"2021-03-01 01:51:08+00:00",A24," Pin Blue","Line 4",-45.466104,167.154785,"2021-06-24 03:04:19+00:00",BP55.4,A24,""
BP56,BP56,-45.460276,167.148032,205.121765,"2021-02-28 20:21:16+00:00",A24," Pin Blue","Line 5",-45.460283,167.148021,"2021-06-24 03:04:19+00:00",BP56,A24,""
BP56.4,BP56.4,-45.465911,167.155121,72.995186,"2021-03-01 01:53:16+00:00",A24," Pin Blue","Line 4",-45.465914,167.155112,"2021-06-24 03:04:19+00:00",BP56.4,A24,""
BP57,BP57,-45.460149,167.14759,215.467514,"2021-02-28 20:32:09+00:00",A24," Pin Blue","Line 5",-45.460153,167.147586,"2021-06-24 03:04:19+00:00",BP57,A24,""
BP58,BP58,-45.459701,167.148107,206.43924,"2021-02-28 20:39:04+00:00",A24," Pin Blue","Line 5",-45.459702,167.148106,"2021-06-24 03:04:19+00:00",BP58,A24,""
BP58.4,BP58.4,-45.465781,167.155543,70.018654,"2021-03-01 01:59:43+00:00",A24," Pin Blue","Line 4",-45.465782,167.155535,"2021-06-24 03:04:19+00:00",BP58.4,A24,""
BP59,BP59,-45.459531,167.148179,194.410507,"2021-02-28 20:48:11+00:00",A24," Pin Blue","Line 5",-45.459535,167.148175,"2021-06-24 03:04:19+00:00",BP59,A24,""
BP59.4,BP59.4,-45.465702,167.155895,72.343536,"2021-03-01 02:02:15+00:00",A24," Pin Blue","Line 4",-45.46571,167.155888,"2021-06-24 03:04:19+00:00",BP59.4,A24,""
BP60,BP60,-45.45907,167.148123,175.738297,"2021-02-28 20:55:48+00:00",A24," Pin Blue","Line 5",-45.459073,167.148121,"2021-06-24 03:04:19+00:00",BP60,A24,""
BP60.4,BP60.4,-45.465265,167.155895,61.223221,"2021-03-01 02:04:33+00:00",A24," Pin Blue","Line 4",-45.465269,167.155882,"2021-06-24 03:04:19+00:00",BP60.4,A24,""
BP61,BP61,-45.465166,167.15604,69.345482,"2021-03-01 02:06:51+00:00",DOC200," Pin Red","Line 4",-45.465169,167.156033,"2021-06-24 03:04:19+00:00",BP61,DOC200,""
BP62,BP62,-45.465138,167.156167,69.247459,"2021-03-01 02:08:25+00:00",A24," Pin Blue","Line 4",-45.465139,167.156164,"2021-06-24 03:04:19+00:00",BP62,A24,""
BP63,BP63,-45.46488,167.156435,55.353573,"2021-03-01 02:10:37+00:00",A24," Pin Blue","Line 4",-45.464883,167.156434,"2021-06-24 03:04:19+00:00",BP63,A24,""
BP64,BP64,-45.464812,167.156452,51.979195,"2021-03-01 02:13:27+00:00",A24," Pin Blue","Line 4",-45.464812,167.156441,"2021-06-24 03:04:19+00:00",BP64,A24,""
BP70,BP70,-45.465762,167.152819,42.002918,"2021-02-28 22:36:45+00:00",DOC200," Pin Red","Line 6",-45.465768,167.152811,"2021-06-24 03:04:19+00:00",BP70,DOC200,""
BP71,BP71,-45.465755,167.152457,42.967293,"2021-02-28 22:42:56+00:00",A24," Pin Blue","Line 6",-45.465759,167.152454,"2021-06-24 03:04:19+00:00",BP71,A24,""
BP72,BP72,-45.465653,167.152195,55.017143,"2021-02-28 22:47:13+00:00",A24," Pin Blue","Line 6",-45.465655,167.152183,"2021-06-24 03:04:19+00:00",BP72,A24,""
BP73,BP73,-45.465648,167.15189,68.814079,"2021-02-28 22:51:57+00:00",DOC200," Pin Red","Line 6",-45.465649,167.15189,"2021-06-24 03:04:19+00:00",BP73,DOC200,""
BP74,BP74,-45.465433,167.15152,81.076782,"2021-02-28 22:57:16+00:00",A24," Pin Blue","Line 6",-45.465441,167.151515,"2021-06-24 03:04:19+00:00",BP74,A24,""
BP75,BP75,-45.465066,167.151164,93.073631,"2021-02-28 23:02:14+00:00",A24," Pin Blue","Line 6",-45.465071,167.151157,"2021-06-24 03:04:19+00:00",BP75,A24,""
BP76,BP76,-45.46521,167.150928,108.217377,"2021-02-28 23:07:37+00:00",DOC200," Pin Red","Line 6",-45.465212,167.150925,"2021-06-24 03:04:19+00:00",BP76,DOC200,""
BP76.6,BP76.6,-45.465062,167.15073,125.212807,"2021-02-28 23:17:09+00:00"," No Trap"," Navaid Black","Line 6",-45.465067,167.150722,"2021-06-24 03:04:19+00:00",BP76.6," No Trap",""
BP77,BP77,-45.465055,167.150301,151.314484,"2021-02-28 23:20:49+00:00",A24," Pin Blue","Line 6",-45.465063,167.150288,"2021-06-24 03:04:19+00:00",BP77,A24,""
BP78,BP78,-45.464916,167.150166,164.997482,"2021-02-28 23:25:46+00:00",A24," Pin Blue","Line 6",-45.464921,167.150162,"2021-06-24 03:04:19+00:00",BP78,A24,""
BP78.6,BP78.6,-45.465061,167.149513,186.063461,"2021-02-28 23:35:25+00:00","A24 down hill"," Pin Blue","Line 6",-45.465067,167.149507,"2021-06-24 03:04:19+00:00",BP78.6,"A24 down hill",""
BP79,BP79,-45.465018,167.149622,193.359573,"2021-02-28 23:36:52+00:00",A24," Pin Blue","Line 6",-45.465019,167.149614,"2021-06-24 03:04:19+00:00",BP79,A24,""
BP80,BP80,-45.464874,167.149259,221.153473,"2021-02-28 23:44:12+00:00",A24," Pin Blue","Line 6",-45.464875,167.149258,"2021-06-24 03:04:19+00:00",BP80,A24,""
BP81,BP81,-45.464807,167.148927,232.546707,"2021-02-28 23:50:33+00:00",A24," Pin Blue","Line 6",-45.464812,167.148919,"2021-06-24 03:04:19+00:00",BP81,A24,""
BP82,BP82,-45.46456,167.148949,235.754959,"2021-02-28 23:55:13+00:00",A24," Pin Blue","Line 6",-45.464562,167.148945,"2021-06-24 03:04:19+00:00",BP82,A24,""
BP83,BP83,-45.464264,167.148804,240.668991,"2021-02-28 23:58:43+00:00",A24," Pin Blue","Line 6",-45.464266,167.148797,"2021-06-24 03:04:19+00:00",BP83,A24,""
BP84,BP84,-45.464004,167.148736,236.377335,"2021-03-01 00:02:48+00:00",A24," Pin Blue","Line 6",-45.464011,167.148734,"2021-06-24 03:04:19+00:00",BP84,A24,""
BP85,BP85,-45.463761,167.148378,235.779617,"2021-03-01 00:07:55+00:00",A24," Pin Blue","Line 6",-45.463767,167.148375,"2021-06-24 03:04:19+00:00",BP85,A24,""
BPA01,BPA01,-45.463719,167.15431,19.394974,"2021-03-01 18:48:56+00:00",A12," Pin Green","Line 7",-45.463721,167.154303,"2021-06-24 03:04:20+00:00",BPA01,A12,"Removed to line 2"
BPA02,BPA02,-45.463505,167.153588,20.532106,"2021-03-01 18:45:31+00:00",A12," Pin Green","Line 7",-45.463513,167.153583,"2021-06-24 03:04:20+00:00",BPA02,A12,Counters
BPA03,BPA03,-45.464019,167.153227,24.546474,"2021-03-01 18:55:25+00:00",A12," Pin Green","Line 7",-45.464025,167.153222,"2021-06-24 03:04:20+00:00",BPA03,A12,""
BPA04,"",-45.463447,167.15299,19.522469,"2021-03-01 18:51:04+00:00",A12," Pin Green","Line 7","","","",BPA04,A12,"Counters. Removed to line 2"
BPA05,BPA05,-45.464015,167.153633,26.367428,"2021-03-01 18:56:30+00:00",A12," Pin Green","Line 7",-45.464019,167.153632,"2021-06-24 03:04:20+00:00",BPA05,A12,"Removed to line 2"
BPT01,"",-45.458399,167.150725,17.673618,"2021-03-01 18:33:00+00:00"," Trapinator"," Pin Green","Line 7","","","",BPT01," Trapinator","? Missed"
BPT02,"",-45.462147,167.152094,20.708523,"2021-03-01 18:41:54+00:00"," Trapinator"," Pin Green","Line 7","","","",BPT02," Trapinator",""
BPT03,"",-45.459134,167.150921,19.401604,"2021-03-01 18:35:24+00:00"," Trapinator"," Pin Green","Line 7","","","",BPT03," Trapinator",""
BPT04,"",-45.460451,167.151384,17.093588,"2021-03-01 18:38:35+00:00"," Trapinator"," Pin Green","Line 7","","","",BPT04," Trapinator",""
BPT05,BPT05,-45.4658,167.158333,35.897243,"2021-03-01 19:06:46+00:00"," Trapinator"," Pin Green","Line 7",-45.465808,167.158321,"2021-06-24 03:04:20+00:00",BPT05," Trapinator",""
BPT06,BPT06,-45.466609,167.158812,31.37886,"2021-03-01 19:08:29+00:00"," Trapinator"," Pin Green","Line 7",-45.466616,167.1588,"2021-06-24 03:04:20+00:00",BPT06," Trapinator","Broken, too low, moved higher"
BPT07,BPT07,-45.467704,167.159761,21.857111,"2021-03-01 19:10:20+00:00"," Trapinator"," Pin Green","Line 7",-45.467709,167.159749,"2021-06-24 03:04:20+00:00",BPT07," Trapinator",""
BPT08,BPT08,-45.464882,167.158134,46.232666,"2021-03-01 19:03:24+00:00"," Trapinator"," Pin Green","Line 7",-45.464889,167.158122,"2021-06-24 03:04:20+00:00",BPT08," Trapinator",""
BPT09,BPT09,-45.468211,167.159905,17.120449,"2021-03-01 19:11:35+00:00"," Trapinator"," Pin Green","Line 7",-45.468212,167.159901,"2021-06-24 03:04:20+00:00",BPT09," Trapinator",""
BPT10,BPT10,-45.469326,167.160425,15.682059,"2021-03-01 19:15:01+00:00"," Trapinator"," Pin Green","Line 7",-45.469327,167.160413,"2021-06-24 03:04:20+00:00",BPT10," Trapinator",""
DC01,DC01,-45.457751196271,167.15069071896," None"," None","DOC150 Double"," Navaid Red"," NEW",-45.457843,167.15064,"2021-07-03 02:08:41+00:00",DC01,"DOC150 Double","Foreshore <> hostel and main wharf"
DC02,DC02,-45.4583019828968,167.150723111771," None"," None","DOC150 Double"," Navaid Red"," NEW",-45.458405,167.150723,"2021-06-24 03:04:20+00:00",DC02,"DOC150 Double",""
DC03,DC03,-45.4591023803932,167.150883104764," None"," None","DOC150 Double"," Navaid Red"," NEW",-45.458862,167.150842,"2021-07-03 02:02:57+00:00",DC03,"DOC150 Double",""
DC04,DC04,-45.4593873532892,167.151173328389," None"," None","DOC150 Double"," Navaid Red"," NEW",-45.459182,167.150936,"2021-07-03 02:00:51+00:00",DC04,"DOC150 Double",""
DC05,DC05,-45.4597114114274,167.151523458467," None"," None","DOC150 Double"," Navaid Red"," NEW",-45.459404,167.151067,"2021-07-03 01:59:17+00:00",DC05,"DOC150 Double",""
DC05,DC05,-45.4597114114274,167.151523458467," None"," None","DOC150 Double"," Navaid Red"," NEW",-45.459716,167.15152,"2021-06-24 03:10:23+00:00",DC05,"DOC150 Double",""
DC06,DC06,-45.4603001745889,167.151769380315," None"," None","DOC150 Double"," Navaid Red"," NEW",-45.459885,167.151132,"2021-07-03 01:55:41+00:00",DC06,"DOC150 Double",""
DC06,DC06,-45.4603001745889,167.151769380315," None"," None","DOC150 Double"," Navaid Red"," NEW",-45.460109,167.151288,"2021-07-03 01:45:23+00:00",DC06,"DOC150 Double",""
DC07,DC07,-45.4605746863435,167.151856028527," None"," None","DOC150 Double"," Navaid Red"," NEW",-45.460098,167.15143,"2021-07-03 01:39:32+00:00",DC07,"DOC150 Double",""
DC07M,"",-45.4606120753796,167.151838211578," None"," None","DOC150 Double"," Navaid Red"," NEW","","","",DC07M,"DOC150 Double",""
DC08,DC08,-45.4606406940994,167.151388670925," None"," None","DOC150 Double"," Navaid Red"," NEW",-45.460645,167.151386,"2021-06-24 03:10:23+00:00",DC08,"DOC150 Double",""
DC09,DC09,-45.4612794589841,167.151731743465," None"," None","DOC150 Double"," Navaid Red"," NEW",-45.460882,167.151617,"2021-07-03 01:18:51+00:00",DC09,"DOC150 Double",""
DC10,DC10,-45.4614445583272,167.151791367391," None"," None","DOC150 Double"," Navaid Red"," NEW",-45.46137,167.151822,"2021-07-03 01:15:55+00:00",DC10,"DOC150 Double",""
DC11,DC11,-45.4618758688883,167.151951294989," None"," None","DOC150 Double"," Navaid Red"," NEW",-45.461906,167.151933,"2021-07-03 01:10:50+00:00",DC11,"DOC150 Double",""
DC12,DC12,-45.4628905146583,167.152076290615," None"," None","DOC150 Double"," Navaid Red"," NEW",-45.462664,167.152315,"2021-07-03 00:58:13+00:00",DC12,"DOC150 Double",""
DC13,DC13,-45.4627384273105,167.15279565214," None"," None","DOC150 Double"," Navaid Red"," NEW",-45.462743,167.152793,"2021-06-24 03:10:24+00:00",DC13,"DOC150 Double",""
DC14,"",-45.4627606503114,167.15322828916," None"," None","DOC150 Double"," Navaid Red"," NEW","","","",,,
DC15,"",-45.463434379073,167.153375878073," None"," None","DOC150 Double"," Navaid Red"," NEW","","","",,,
DCA01,DCA01,-45.4577749710729,167.15069747347," None"," None",A24," Navaid Blue"," NEW",-45.457782,167.150685,"2021-06-24 03:10:23+00:00",DCA01,A24,"Foreshore <> hostel and main wharf"
DCA02,DCA02,-45.4582996440606,167.150710724206," None"," None",A24," Navaid Blue"," NEW",-45.458306,167.150707,"2021-06-24 03:10:24+00:00",DCA02,A24,""
DCA02,DCA02,-45.4582996440606,167.150710724206," None"," None",A24," Navaid Blue"," NEW",-45.458306,167.15072,"2021-06-24 03:10:23+00:00",DCA02,A24,""
DCA03,DCA03,-45.4591062845831,167.150880862812," None"," None",A24," Navaid Blue"," NEW",-45.458783,167.151054,"2021-07-03 02:03:27+00:00",DCA03,A24,""
DCA03,DCA03,-45.4591062845831,167.150880862812," None"," None",A24," Navaid Blue"," NEW",-45.459107,167.15088,"2021-06-24 03:10:23+00:00",DCA03,A24,""
DCA04,DCA04,-45.4593951713353,167.151172413646," None"," None",A24," Navaid Blue"," NEW",-45.459226,167.150932,"2021-07-03 02:01:21+00:00",DCA04,A24,""
DCA05,DCA05,-45.459710774735,167.151520422528," None"," None",A24," Navaid Blue"," NEW",-45.459715,167.151508,"2021-06-24 03:10:24+00:00",DCA05,A24,""
DCA06a,"",-45.4602966696788,167.151798089406," None"," None",A24," Navaid Blue"," NEW","","","",DCA06a,A24,""
DCA06b,"",-45.4602988317379,167.151840171622," None"," None",A24," Navaid Blue"," NEW","","","",DCA06b,A24,""
DCA07a,"",-45.4606120109828,167.15190921731," None"," None",A24," Navaid Blue"," NEW","","","",DCA07a,A24,""
DCA07b,"",-45.4606488450498,167.151930780376," None"," None",A24," Navaid Blue"," NEW","","","",DCA07b,A24,""
DCA08,DCA08,-45.4606452943843,167.151398084364," None"," None",A24," Navaid Blue"," NEW",-45.460645,167.151386,"2021-06-24 03:10:24+00:00",DCA08,A24,""
DCA09,DCA09,-45.4612879538871,167.151737554955," None"," None",A24," Navaid Blue"," NEW",-45.461062,167.15179,"2021-07-03 01:18:01+00:00",DCA09,A24,""
DCA10,DCA10,-45.4614449764096,167.151780494207," None"," None",A24," Navaid Blue"," NEW",-45.461432,167.151982,"2021-07-03 01:13:22+00:00",DCA10,A24,""
DCA11,DCA11,-45.4618835322757,167.151971917957," None"," None",A24," Navaid Blue"," NEW",-45.461828,167.151992,"2021-07-03 01:07:31+00:00",DCA11,A24,""
DCA12,DCA12,-45.4628784073185,167.152097166501," None"," None",A24," Navaid Blue"," NEW",-45.462655,167.152482,"2021-07-03 01:00:55+00:00",DCA12,A24,""
DCA13,DCA13,-45.4627353111095,167.152788945965," None"," None",A24," Navaid Blue"," NEW",-45.462742,167.15278,"2021-06-24 03:10:24+00:00",DCA13,A24,""
DCA14,"",-45.4627775972318,167.153229476128," None"," None",A24," Navaid Blue"," NEW","","","",DCA14,A24,""
DCA15,"",-45.463441862064,167.153363655091," None"," None",A24," Navaid Blue"," NEW","","","",DCA15,A24,""
DCR01,DCR01,-45.4574316030971,167.150847952353," None"," None","DOC200 Single"," Navaid Red"," NEW",-45.457439,167.150836,"2021-06-24 03:10:24+00:00",DCR01,"DOC200 Single","DOC line uphill above wharves"
DCR02,DCR02,-45.4570115543649,167.150749550531," None"," None","DOC200 Single"," Navaid Red"," NEW",-45.45702,167.150738,"2021-06-24 03:10:23+00:00",DCR02,"DOC200 Single","Mesh loose"
DCR03,DCR03,-45.4566762864839,167.150444092822," None"," None","DOC200 Single"," Navaid Red"," NEW",-45.456681,167.150441,"2021-06-24 03:10:23+00:00",DCR03,"DOC200 Single","GPS no 7, new disk"
DCR04,DCR04,-45.4563073428053,167.15074458635," None"," None","DOC200 Single"," Navaid Red"," NEW",-45.456309,167.150735,"2021-06-24 03:10:23+00:00",DCR04,"DOC200 Single",""
DCR05,DCR05,-45.4558995173498,167.150708872571," None"," None","DOC200 Single"," Navaid Red"," NEW",-45.455902,167.150701,"2021-06-24 03:10:24+00:00",DCR05,"DOC200 Single",""
DCR06,DCR06,-45.4558818408807,167.15017221164," None"," None","DOC200 Single"," Navaid Red"," NEW",-45.455883,167.150166,"2021-06-24 03:10:23+00:00",DCR06,"DOC200 Single",""
DCR07,DCR07,-45.4563080287932,167.150039733953," None"," None","DOC200 Single"," Navaid Red"," NEW",-45.456309,167.150032,"2021-06-24 03:10:23+00:00",DCR07,"DOC200 Single",""
DCR08,DCR08,-45.4563881917209,167.149480125565," None"," None","DOC200 Single"," Navaid Red"," NEW",-45.456397,167.149473,"2021-06-24 03:10:24+00:00",DCR08,"DOC200 Single",""
DCR09,DCR09,-45.4567354855435,167.14921384758," None"," None","DOC200 Single"," Navaid Red"," NEW",-45.456743,167.149207,"2021-06-24 03:10:23+00:00",DCR09,"DOC200 Single",""
DCR10,DCR10,-45.4571295771559,167.148982361801," None"," None","DOC200 Single"," Navaid Red"," NEW",-45.457136,167.148974,"2021-06-24 03:10:23+00:00",DCR10,"DOC200 Single",""
DCR11,DCR11,-45.4575109264877,167.148853245639," None"," None","DOC200 Single"," Navaid Red"," NEW",-45.457517,167.148845,"2021-06-24 03:10:24+00:00",DCR11,"DOC200 Single",""
DCR12,DCR12,-45.4579052194298,167.148800811061," None"," None","DOC200 Single"," Navaid Red"," NEW",-45.45791,167.148791,"2021-06-24 03:10:23+00:00",DCR12,"DOC200 Single",""
DCR13,DCR13,-45.4582918396344,167.14858160446," None"," None","DOC200 Single"," Navaid Red"," NEW",-45.458295,167.148572,"2021-06-24 03:10:23+00:00",DCR13,"DOC200 Single",""
DCR14,DCR14,-45.4586885072145,167.148592877673," None"," None","DOC200 Single"," Navaid Red"," NEW",-45.458692,167.148582,"2021-06-24 03:10:24+00:00",DCR14,"DOC200 Single",""
DCR15,DCR15,-45.4592507579502,167.148638130326," None"," None","DOC200 Single"," Navaid Red"," NEW",-45.459252,167.148626,"2021-06-24 03:10:24+00:00",DCR15,"DOC200 Single",""
DCR16,DCR16,-45.4594527994375,167.149066146652," None"," None","DOC200 Single"," Navaid Red"," NEW",-45.459454,167.149053,"2021-06-24 03:10:24+00:00",DCR16,"DOC200 Single",""
DCR17,DCR17,-45.459832147269,167.149090732909," None"," None","DOC200 Single"," Navaid Red"," NEW",-45.459833,167.149078,"2021-06-24 03:10:24+00:00",DCR17,"DOC200 Single",""
DCR18,DCR18,-45.4601580929747,167.149635093364," None"," None","DOC200 Single"," Navaid Red"," NEW",-45.460159,167.149632,"2021-06-24 03:10:24+00:00",DCR18,"DOC200 Single",""
DCR19,DCR19,-45.4604545034388,167.149797488863," None"," None","DOC200 Single"," Navaid Red"," NEW",-45.460455,167.149794,"2021-06-24 03:10:24+00:00",DCR19,"DOC200 Single",""
DCR20,DCR20,-45.4608332375992,167.149617471814," None"," None","DOC200 Single"," Navaid Red"," NEW",-45.460842,167.149613,"2021-06-24 03:10:24+00:00",DCR20,"DOC200 Single",""
DCR21,DCR21,-45.4613216511355,167.149644813357," None"," None","DOC200 Single"," Navaid Red"," NEW",-45.461329,167.149639,"2021-06-24 03:10:24+00:00",DCR21,"DOC200 Single",""
DCR22,DCR22,-45.461642550038,167.149740709334," None"," None","DOC200 Single"," Navaid Red"," NEW",-45.461649,167.149734,"2021-06-24 03:10:24+00:00",DCR22,"DOC200 Single",""
DCR23,DCR23,-45.4620976971061,167.149821394095," None"," None","DOC200 Single"," Navaid Red"," NEW",-45.462104,167.149814,"2021-06-24 03:10:24+00:00",DCR23,"DOC200 Single",""
DCR24,DCR24,-45.4626806834413,167.149762167119," None"," None","DOC200 Single"," Navaid Red"," NEW",-45.462686,167.149754,"2021-06-24 03:10:24+00:00",DCR24,"DOC200 Single",""
DCR25,DCR25,-45.4630904707673,167.149836047274," None"," None","DOC200 Single"," Navaid Red"," NEW",-45.463094,167.149827,"2021-06-24 03:10:24+00:00",DCR25,"DOC200 Single",""
DCR26,DCR26,-45.4633316366019,167.150132109963," None"," None","DOC200 Single"," Navaid Red"," NEW",-45.463335,167.150122,"2021-06-24 03:10:24+00:00",DCR26,"DOC200 Single",""
DCR27,DCR27,-45.463667987926,167.150546223052," None"," None","DOC200 Single"," Navaid Red"," NEW",-45.463671,167.150534,"2021-06-24 03:10:24+00:00",DCR27,"DOC200 Single",""
DCR28,DCR28,-45.4640240185282,167.151343359339," None"," None","DOC200 Single"," Navaid Red"," NEW",-45.464028,167.151342,"2021-06-24 03:10:24+00:00",,,
DCR29,DCR29,-45.4643287352706,167.152017901625," None"," None","DOC200 Single"," Navaid Red"," NEW",-45.464332,167.152014,"2021-06-24 03:10:24+00:00",DCR29,"DOC200 Single",""
DCR30,DCR30,-45.4640901505726,167.152490400946," None"," None","DOC200 Single"," Navaid Red"," NEW",-45.464095,167.152486,"2021-06-24 03:10:24+00:00",DCR30,"DOC200 Single",""
DCRA01,DCRA01,-45.4574311256136,167.150846420899," None"," None",A24," Navaid Blue"," NEW",-45.457439,167.150836,"2021-06-24 03:10:23+00:00",DCRA01,A24,""
DCRA02,DCRA02,-45.4570094311533,167.150751414472," None"," None",A24," Navaid Blue"," NEW",-45.457011,167.150739,"2021-06-24 03:10:24+00:00",DCRA02,A24,""
DCRA03,DCRA03,-45.4566743199553,167.150440982702," None"," None",A24," Navaid Blue"," NEW",-45.45668,167.150428,"2021-06-24 03:10:23+00:00",DCRA03,A24,""
DCRA04,DCRA04,-45.4563038372896,167.150740011454," None"," None",A24," Navaid Blue"," NEW",-45.456309,167.150735,"2021-06-24 03:10:23+00:00",DCRA04,A24,""
DCRA05,DCRA05,-45.4558969291642,167.150701004825," None"," None",A24," Navaid Blue"," NEW",-45.455901,167.150688,"2021-06-24 03:10:23+00:00",,,
DCRA06,DCRA06,-45.4558743349165,167.150168636425," None"," None",A24," Navaid Blue"," NEW",-45.455874,167.150167,"2021-06-24 03:10:23+00:00",DCRA06,A24,""
DCRA07,DCRA07,-45.4563033911063,167.150036128453," None"," None",A24," Navaid Blue"," NEW",-45.456309,167.150032,"2021-06-24 03:10:23+00:00",DCRA07,A24,""
DCRA08,DCRA08,-45.4563843441196,167.149479474694," None"," None",A24," Navaid Blue"," NEW",-45.456388,167.149474,"2021-06-24 03:10:24+00:00",DCRA08,A24,""
DCRA09,DCRA09,-45.4567120619275,167.14921357693," None"," None",A24," Navaid Blue"," NEW",-45.456716,167.149209,"2021-06-24 03:10:23+00:00",DCRA09,A24,""
DCRA10,DCRA10,-45.4570816091841,167.148989088553," None"," None",A24," Navaid Blue"," NEW",-45.457083,167.14898,"2021-06-24 03:10:23+00:00",DCRA10,A24,""
DCRA11,DCRA11,-45.4574774416937,167.148812633395," None"," None",A24," Navaid Blue"," NEW",-45.457479,167.148811,"2021-06-24 03:10:24+00:00",DCRA11,A24,""
DCRA12,DCRA12,-45.4579038877923,167.148768373632," None"," None",A24," Navaid Blue"," NEW",-45.457909,167.148766,"2021-06-24 03:10:23+00:00",DCRA12,A24,""
DCRA13,DCRA13,-45.4582260506794,167.148548794957," None"," None",A24," Navaid Blue"," NEW",-45.45823,167.148541,"2021-06-24 03:10:24+00:00",DCRA13,A24,""
DCRA14,DCRA14,-45.4586406500823,167.148505761663," None"," None",A24," Navaid Blue"," NEW",-45.458642,167.148498,"2021-06-24 03:10:24+00:00",DCRA14,A24,""
DCRA15,DCRA15,-45.4592661453995,167.148626981666," None"," None",A24," Navaid Blue"," NEW",-45.45927,167.148625,"2021-06-24 03:10:24+00:00",DCRA15,A24,""
DCRA16,DCRA16,-45.459418944678,167.14905110226," None"," None",A24," Navaid Blue"," NEW",-45.459426,167.149043,"2021-06-24 03:10:24+00:00",DCRA16,A24,""
DCRA17,DCRA17,-45.4598124498667,167.149061028178," None"," None",A24," Navaid Blue"," NEW",-45.459814,167.149054,"2021-06-24 03:10:24+00:00",DCRA17,A24,""
DCRA18,DCRA18,-45.4601770068148,167.149666247233," None"," None",A24," Navaid Blue"," NEW",-45.460178,167.149656,"2021-06-24 03:10:24+00:00",DCRA18,A24,""
DCRA19,DCRA19,-45.4604453999293,167.149790697084," None"," None",A24," Navaid Blue"," NEW",-45.460446,167.149782,"2021-06-24 03:10:24+00:00",DCRA19,A24,""
DCRA20,DCRA20,-45.4608184074123,167.149633527288," None"," None",A24," Navaid Blue"," NEW",-45.460825,167.149627,"2021-06-24 03:10:24+00:00",DCRA20,A24,""
DCRA21,DCRA21,-45.461273735953,167.149687808155," None"," None",A24," Navaid Blue"," NEW",-45.461278,167.149683,"2021-06-24 03:10:24+00:00",DCRA21,A24,""
DCRA22,DCRA22,-45.4616681055075,167.149714570632," None"," None",A24," Navaid Blue"," NEW",-45.461675,167.149705,"2021-06-24 03:10:24+00:00",DCRA22,A24,""
DCRA23,DCRA23,-45.4621396062417,167.14985178966," None"," None",A24," Navaid Blue"," NEW",-45.462141,167.149849,"2021-06-24 03:10:24+00:00",DCRA23,A24,""
DCRA24,DCRA24,-45.462669203976,167.149729131203," None"," None",A24," Navaid Blue"," NEW",-45.462675,167.149717,"2021-06-24 03:10:24+00:00",DCRA24,A24,""
DCRA25,DCRA25,-45.4630915904564,167.149837603043," None"," None",A24," Navaid Blue"," NEW",-45.463094,167.149827,"2021-06-24 03:10:24+00:00",DCRA25,A24,""
DCRA26,DCRA26,-45.4633186564246,167.150084812149," None"," None",A24," Navaid Blue"," NEW",-45.463323,167.150072,"2021-06-24 03:10:24+00:00",DCRA26,A24,""
DCRA27,DCRA27,-45.4636762896448,167.150555403733," None"," None",A24," Navaid Blue"," NEW",-45.463681,167.150546,"2021-06-24 03:10:24+00:00",DCRA27,A24,""
DCRA28,DCRA28,-45.4640148188408,167.151349533368," None"," None",A24," Navaid Blue"," NEW",-45.464019,167.151343,"2021-06-24 03:10:24+00:00",DCRA28,A24,""
DCRA29,DCRA29,-45.4643227330156,167.152011458931," None"," None",A24," Navaid Blue"," NEW",-45.464323,167.152002,"2021-06-24 03:10:24+00:00",DCRA29,A24,""
DCRA30,DCRA30,-45.4640508030567,167.152513536507," None"," None",A24," Navaid Blue"," NEW",-45.464051,167.152503,"2021-06-24 03:10:24+00:00",DCRA30,A24,""
HF01,HF01,-45.4687285284106,167.165418274999," None"," None","DOC150 Double"," Navaid Red"," NEW",-45.471384,167.16542,"2021-07-02 04:48:32+00:00",HF01,"DOC150 Double",""
HF02,HF02,-45.4674318137592,167.164283163328," None"," None","DOC150 Double"," Navaid Red"," NEW",-45.468729,167.165413,"2021-06-24 03:10:24+00:00",HF02,"DOC150 Double",""
HF03,HF03,-45.4661503936462,167.163341482951," None"," None","DOC150 Double"," Navaid Red"," NEW",-45.467437,167.16428,"2021-06-24 03:10:23+00:00",HF03,"DOC150 Double",""
HF04,"",-45.4663736161976,167.165237352473," None"," None","DOC150 Double"," Navaid Red"," NEW","","","",HF04,"DOC150 Double",""
HF05,HF05,-45.4666634019308,167.167203107958," None"," None","DOC150 Double"," Navaid Red"," NEW",-45.466379,167.165234,"2021-06-24 03:10:24+00:00",HF05,"DOC150 Double",""
HF06,HF06,-45.4650904463586,167.166547139514," None"," None","DOC150 Double"," Navaid Red"," NEW",-45.465096,167.166544,"2021-06-24 03:10:23+00:00",HF06,"DOC150 Double",""
HF07,HF07,-45.4677422047273,167.167526439059," None"," None","DOC150 Double"," Navaid Red"," NEW",-45.466669,167.1672,"2021-06-24 03:10:23+00:00",HF07,"DOC150 Double",""
HF08,HF08,-45.4678537452663,167.167770767339," None"," None","DOC150 Double"," Navaid Red"," NEW",-45.467747,167.167523,"2021-06-24 03:10:24+00:00",HF08,"DOC150 Double",""
HF09,HF09,-45.468866257671,167.167678778205," None"," None","DOC150 Double"," Navaid Red"," NEW",-45.4702,167.167781,"2021-06-24 03:10:24+00:00",HF09,"DOC150 Double",""
HF10,HF10,-45.4701949603491,167.167784353283," None"," None","DOC150 Double"," Navaid Red"," NEW",-45.471204,167.168407,"2021-07-02 23:03:37+00:00",HF10,"DOC150 Double",""
HF11,HF11,-45.4715659441628,167.169945456857," None"," None","DOC150 Double"," Navaid Red"," NEW",-45.471463,167.166947,"2021-06-24 03:10:23+00:00",HF11,"DOC150 Double",""
HF12,"",-45.4724970453948,167.169669997922," None"," None","DOC150 Double"," Navaid Red"," NEW","","","",,,
HF13,"",-45.4723668038633,167.16832525562," None"," None","DOC150 Double"," Navaid Red"," NEW","","","",,,
HF14,"",-45.4714574979119,167.166949992345," None"," None","DOC150 Double"," Navaid Red"," NEW","","","",,,
L01,L01,-45.486374,167.169442,141.43808,"2021-03-01 19:50:49+00:00",DOC200," Pin Red","Line 8",-45.48638,167.169433,"2021-06-24 03:04:20+00:00",L01,DOC200,""
L02,L02,-45.486534,167.169273,151.237137,"2021-03-01 19:52:43+00:00",A24," Pin Blue","Line 8",-45.486534,167.169264,"2021-06-24 03:04:20+00:00",L02,A24,""
L03,L03,-45.48672,167.169621,161.115799,"2021-03-01 19:54:31+00:00",DOC200," Pin Red","Line 8",-45.486723,167.169616,"2021-06-24 03:04:20+00:00",L03,DOC200,""
L04,L04,-45.486963,167.169717,172.532318,"2021-03-01 19:56:16+00:00",A24," Pin Blue","Line 8",-45.48697,167.169705,"2021-06-24 03:04:20+00:00",L04,A24,""
L05,L05,-45.487213,167.169619,182.108597,"2021-03-01 19:58:01+00:00",DOC200," Pin Red","Line 8",-45.487218,167.169615,"2021-06-24 03:04:20+00:00",L05,DOC200,""
L06,L06,-45.487408,167.169713,194.696594,"2021-03-01 20:00:03+00:00",A24," Pin Blue","Line 8",-45.487412,167.169711,"2021-06-24 03:04:20+00:00",L06,A24,""
L07,L07,-45.487654,167.169766,208.177719,"2021-03-01 20:02:09+00:00",DOC200," Pin Red","Line 8",-45.487658,167.169762,"2021-06-24 03:04:20+00:00",L07,DOC200,""
L08,L08,-45.487747,167.169544,219.993988,"2021-03-01 20:04:31+00:00",DOC200," Pin Red","Line 8",-45.487754,167.169534,"2021-06-24 03:04:20+00:00",L08,DOC200,""
L09,L09,-45.48811,167.16964,225.25238,"2021-03-01 20:06:38+00:00",DOC200," Pin Red","Line 8",-45.48811,167.169638,"2021-06-24 03:04:20+00:00",L09,DOC200,"Sprung, egg gone. Weight tested."
L10,L10,-45.488375,167.1695,232.642471,"2021-03-01 20:08:51+00:00",DOC200," Pin Red","Line 8",-45.488382,167.169495,"2021-06-24 03:04:20+00:00",L10,DOC200,""
L11,L11,-45.488586,167.169466,239.580872,"2021-03-01 20:10:42+00:00",DOC200," Pin Red","Line 8",-45.488587,167.169461,"2021-06-24 03:04:20+00:00",L11,DOC200,""
L12,L12,-45.488782,167.169129,258.638214,"2021-03-01 20:13:47+00:00",DOC200," Pin Red","Line 8",-45.488786,167.16912,"2021-06-24 03:04:20+00:00",L12,DOC200,""
L13,L13,-45.488966,167.168791,261.033783,"2021-03-01 20:15:54+00:00"," No Trap"," Navaid Black","Line 8",-45.488967,167.168782,"2021-06-24 03:04:20+00:00",L13," No Trap",""
L14,L14,-45.489153,167.168562,268.1922,"2021-03-01 20:17:30+00:00"," No Trap"," Navaid Black","Line 8",-45.489153,167.168558,"2021-06-24 03:04:20+00:00",L14," No Trap",""
L15,L15,-45.489259,167.168213,267.655457,"2021-03-01 20:19:22+00:00"," No Trap"," Navaid Black","Line 8",-45.489261,167.168201,"2021-06-24 03:04:20+00:00",L15," No Trap",""
L16,L16,-45.489283,167.167782,266.150879,"2021-03-01 22:32:51+00:00"," No Trap"," Navaid Black","Line 8",-45.489284,167.167776,"2021-06-24 03:04:20+00:00",L16," No Trap",""
L17,L17,-45.48913,167.167453,261.949615,"2021-03-01 22:31:35+00:00"," No Trap"," Navaid Black","Line 8",-45.489132,167.167446,"2021-06-24 03:04:20+00:00",L17," No Trap",""
L18,L18,-45.489244,167.167018,247.168213,"2021-03-01 22:29:03+00:00"," No Trap"," Navaid Black","Line 8",-45.489245,167.167012,"2021-06-24 03:04:20+00:00",L18," No Trap",""
L19,L19,-45.489073,167.166443,235.958786,"2021-03-01 22:27:01+00:00"," No Trap"," Navaid Black","Line 8",-45.489081,167.166441,"2021-06-24 03:04:20+00:00",L19," No Trap",""
L20,L20,-45.489501,167.166076,239.098862,"2021-03-01 22:24:32+00:00"," No Trap"," Navaid Black","Line 8",-45.489503,167.166064,"2021-06-24 03:04:20+00:00",L20," No Trap",""
L21,L21,-45.489671,167.165737,229.861191,"2021-03-01 22:22:39+00:00"," No Trap"," Navaid Black","Line 8",-45.489674,167.165726,"2021-06-24 03:04:20+00:00",L21," No Trap",""
L22,L22,-45.489612,167.165397,214.654144,"2021-03-01 22:20:26+00:00"," No Trap"," Navaid Black","Line 8",-45.489612,167.165387,"2021-06-24 03:04:20+00:00",L22," No Trap",""
L23,L23,-45.489474,167.164898,201.534988,"2021-03-01 22:17:10+00:00"," No Trap"," Navaid Black","Line 8",-45.489478,167.164889,"2021-06-24 03:04:20+00:00",L23," No Trap",""
L24,L24,-45.489421,167.164246,201.410812,"2021-03-01 22:15:26+00:00"," No Trap"," Navaid Black","Line 8",-45.489427,167.164242,"2021-06-24 03:04:20+00:00",L24," No Trap",""
L25,L25,-45.489634,167.164024,213.023804,"2021-03-01 22:14:08+00:00"," No Trap"," Navaid Black","Line 8",-45.489641,167.164015,"2021-06-24 03:04:20+00:00",L25," No Trap",""
L26,L26,-45.490067,167.163833,224.00264,"2021-03-01 22:12:29+00:00"," No Trap"," Navaid Black","Line 8",-45.490072,167.163829,"2021-06-24 03:04:20+00:00",L26," No Trap",""
L27,L27,-45.490746,167.163937,221.796295,"2021-03-01 22:10:57+00:00"," No Trap"," Navaid Black","Line 8",-45.490752,167.163925,"2021-06-24 03:04:20+00:00",L27," No Trap",""
L28,L28,-45.491128,167.163578,223.989426,"2021-03-01 22:09:07+00:00"," No Trap"," Navaid Black","Line 8",-45.49113,167.163566,"2021-06-24 03:04:20+00:00",L28," No Trap",""
L29,L29,-45.491252,167.163578,234.656464,"2021-03-01 22:06:51+00:00"," No Trap"," Navaid Black","Line 8",-45.491256,167.163566,"2021-06-24 03:04:20+00:00",L29," No Trap",""
L30,L30,-45.49138,167.163368,235.531082,"2021-03-01 22:04:38+00:00"," No Trap"," Navaid Black","Line 8",-45.49138,167.163361,"2021-06-24 03:04:20+00:00",L30," No Trap",""
L31,L31,-45.490778,167.162099,222.375717,"2021-03-01 22:03:07+00:00"," No Trap"," Navaid Black","Line 8",-45.490784,167.162092,"2021-06-24 03:04:20+00:00",L31," No Trap",""
L32,L32,-45.490909,167.161715,226.960892,"2021-03-01 21:56:17+00:00"," No Trap"," Navaid Black","Line 8",-45.490917,167.161707,"2021-06-24 03:04:20+00:00",L32," No Trap",""
L33,L33,-45.490895,167.161255,212.373352,"2021-03-01 21:54:34+00:00"," No Trap"," Navaid Black","Line 8",-45.490903,167.161247,"2021-06-24 03:04:20+00:00",L33," No Trap",""
L34,L34,-45.490895,167.160731,207.577026,"2021-03-01 21:53:31+00:00"," No Trap"," Navaid Black","Line 8",-45.490903,167.160723,"2021-06-24 03:04:20+00:00",L34," No Trap",""
L35,L35,-45.490985,167.160183,206.390717,"2021-03-01 21:51:08+00:00"," No Trap"," Navaid Black","Line 8",-45.490992,167.160176,"2021-06-24 03:04:20+00:00",L35," No Trap",""
ODS01,ODS01,-45.485596253942,167.175269690413," None"," None","DOC150 Double"," Navaid Red"," NEW",-45.485598,167.175261,"2021-06-24 03:10:24+00:00",ODS01,"DOC150 Double",""
ODS02,ODS02,-45.4840326555189,167.174672505791," None"," None","DOC150 Double"," Navaid Red"," NEW",-45.484038,167.174667,"2021-06-24 03:10:23+00:00",ODS02,"DOC150 Double",""
ODS03,ODS03,-45.4830126778039,167.173211631811," None"," None","DOC150 Double"," Navaid Red"," NEW",-45.483017,167.173198,"2021-06-24 03:10:23+00:00",ODS03,"DOC150 Double",""
ODS04,ODS04,-45.4822126536503,167.172548330101," None"," None","DOC150 Double"," Navaid Red"," NEW",-45.482218,167.172539,"2021-06-24 03:10:24+00:00",ODS04,"DOC150 Double","Live stoat noted nearby"
ODS05,ODS05,-45.4814209006201,167.171167576502," None"," None","DOC150 Double"," Navaid Red"," NEW",-45.481428,167.171162,"2021-06-24 03:10:23+00:00",ODS05,"DOC150 Double",""
ODS06,ODS06,-45.4798753030137,167.170746545611," None"," None","DOC150 Double"," Navaid Red"," NEW",-45.479876,167.170734,"2021-06-24 03:10:23+00:00",ODS06,"DOC150 Double",""
ODS07,ODS07,-45.4785046823644,167.169488482693," None"," None","DOC150 Double"," Navaid Red"," NEW",-45.478506,167.169481,"2021-06-24 03:10:24+00:00",ODS07,"DOC150 Double",""
ODS08,ODS08,-45.4771151121682,167.168950277963," None"," None","DOC150 Double"," Navaid Red"," NEW",-45.477119,167.168946,"2021-06-24 03:10:23+00:00",ODS08,"DOC150 Double",""
ODS09,ODS09,-45.4770352539878,167.166829342474," None"," None","DOC150 Double"," Navaid Red"," NEW",-45.477037,167.166818,"2021-06-24 03:10:23+00:00",ODS09,"DOC150 Double",""
ODS11,ODS11,-45.4739297001984,167.166234731161," None"," None","DOC150 Double"," Navaid Red"," NEW",-45.473988,167.166865,"2021-06-24 03:10:24+00:00",ODS11,"DOC150 Double",""
ODS12,"",-45.472061361898,167.164961905212," None"," None","DOC150 Double"," Navaid Red"," NEW","","","",,,
TR01,TR01,-45.4710840097541,167.163246314981," None"," None","DOC150 Double"," Navaid Red"," NEW",-45.475305,167.168507,"2021-07-02 21:54:34+00:00",TR01,"DOC150 Double",""
TR02,TR02,-45.4739833849772,167.166871514157," None"," None","DOC150 Double"," Navaid Red"," NEW",-45.473239,167.166123,"2021-07-02 22:07:47+00:00",TR02,"DOC150 Double",""
TR03,TR03,-45.4754304602517,167.168617544701," None"," None","DOC150 Double"," Navaid Red"," NEW",-45.47212,167.165369,"2021-07-02 22:12:30+00:00",TR03,"DOC150 Double",""
TR04,TR04,-45.4761466544262,167.16902363813," None"," None","DOC150 Double"," Navaid Red"," NEW",-45.466249,167.163764,"2021-07-02 22:29:34+00:00",TR04,"DOC150 Double",""
TR04,TR04,-45.4761466544262,167.16902363813," None"," None","DOC150 Double"," Navaid Red"," NEW",-45.471093,167.163236,"2021-06-24 03:10:24+00:00",TR04,"DOC150 Double",""
TR05,"",-45.4694891904847,167.163568861592," None"," None","DOC150 Double"," Navaid Red"," NEW","","","",,,
TR06,"",-45.4686026282966,167.162957021089," None"," None","DOC150 Double"," Navaid Red"," NEW","","","",,,
WR01,WR01,-45.4643606347192,167.156232373443," None"," None","DOC150 Double"," Navaid Red"," NEW",-45.464368,167.156219,"2021-06-24 03:10:23+00:00",WR01,"DOC150 Double",""
WR02,WR02,-45.4645522481268,167.158071305056," None"," None","DOC150 Double"," Navaid Red"," NEW",-45.464553,167.158067,"2021-06-24 03:10:23+00:00",WR02,"DOC150 Double",""
WR03,WR03,-45.4666517678558,167.15874281975," None"," None","DOC150 Double"," Navaid Red"," NEW",-45.466658,167.158732,"2021-06-24 03:10:23+00:00",WR03,"DOC150 Double",""
WR04,WR04,-45.4681232656561,167.159297792987," None"," None","DOC150 Double"," Navaid Red"," NEW",-45.468127,167.159296,"2021-06-24 03:10:24+00:00",WR04,"DOC150 Double",""
WR05,WR05,-45.469626641941,167.160491746001," None"," None","DOC150 Double"," Navaid Red"," NEW",-45.469628,167.160484,"2021-06-24 03:10:23+00:00",WR05,"DOC150 Double",""
"WR05A GRAV PIT TRAP","WR05A GRAV PIT TRAP",-45.4710099417328,167.161187707016," None"," None","DOC150 Double"," Navaid Red"," NEW",-45.471014,167.161185,"2021-06-24 03:10:23+00:00",,,
WR06,WR06,-45.4715975600544,167.162201553034," None"," None","DOC150 Double"," Navaid Red"," NEW",-45.471606,167.162198,"2021-06-24 03:10:24+00:00",WR06,"DOC150 Double",""
WR07,WR07,-45.4735000337795,167.162296172981," None"," None","DOC150 Double"," Navaid Red"," NEW",-45.473501,167.162283,"2021-06-24 03:10:23+00:00",WR07,"DOC150 Double",""
WR08,WR08,-45.4751872132386,167.162721464867," None"," None","DOC150 Double"," Navaid Red"," NEW",-45.475188,167.16271,"2021-06-24 03:10:23+00:00",WR08,"DOC150 Double",""
WR09,WR09,-45.4772458619438,167.163474250296," None"," None","DOC150 Double"," Navaid Red"," NEW",-45.477253,167.163468,"2021-06-24 03:10:24+00:00",WR09,"DOC150 Double",""
WR10,WR10,-45.4777837139205,167.166099260562," None"," None","DOC150 Double"," Navaid Red"," NEW",-45.477792,167.166087,"2021-06-24 03:10:23+00:00",WR10,"DOC150 Double",""
WR11,WR11,-45.478931269769,167.168291403799," None"," None","DOC150 Double"," Navaid Red"," NEW",-45.47894,167.168284,"2021-06-24 03:10:24+00:00",WR11,"DOC150 Double",""
WR12,WR12,-45.4807831525964,167.169243704732," None"," None","DOC150 Double"," Navaid Red"," NEW",-45.480789,167.169232,"2021-06-24 03:10:24+00:00",WR12,"DOC150 Double",""
WR13,WR13,-45.4821936442193,167.170383789154," None"," None","DOC150 Double"," Navaid Red"," NEW",-45.482198,167.170378,"2021-06-24 03:10:23+00:00",WR13,"DOC150 Double",""
WR14,WR14,-45.4840762334488,167.169422391783," None"," None","DOC150 Double"," Navaid Red"," NEW",-45.484084,167.169415,"2021-06-24 03:10:23+00:00",WR14,"DOC150 Double","Huge beast!"
WR15,WR15,-45.4857195770683,167.168922094673," None"," None","DOC150 Double"," Navaid Red"," NEW",-45.485724,167.168913,"2021-06-24 03:10:24+00:00",WR15,"DOC150 Double",""
WR16,WR16,-45.4845276577004,167.171223605224," None"," None","DOC150 Double"," Navaid Red"," NEW",-45.484536,167.171211,"2021-06-24 03:10:23+00:00",WR16,"DOC150 Double",""
WR17,WR17,-45.4851424239459,167.171802421676," None"," None","DOC150 Double"," Navaid Red"," NEW",-45.485151,167.1718,"2021-06-24 03:10:24+00:00",WR17,"DOC150 Double",""
WR18,WR18,-45.4863948843159,167.169716031843," None"," None","DOC150 Double"," Navaid Red"," NEW",-45.486404,167.169713,"2021-06-24 03:10:23+00:00",WR18,"DOC150 Double",""
WR19,WR19,-45.4861944060356,167.172112050924," None"," None","DOC150 Double"," Navaid Red"," NEW",-45.486202,167.172101,"2021-06-24 03:10:23+00:00",WR19,"DOC150 Double",""
WR20,WR20,-45.4859716878539,167.174654967044," None"," None","DOC150 Double"," Navaid Red"," NEW",-45.485972,167.174646,"2021-06-24 03:10:23+00:00",WR20,"DOC150 Double",""
WR21,WR21,-45.4851402577987,167.177054751038," None"," None","DOC150 Double"," Navaid Red"," NEW",-45.485141,167.177048,"2021-06-24 03:10:23+00:00",WR21,"DOC150 Double",""
WR22,WR22,-45.4853812990668,167.177279384386," None"," None","DOC150 Double"," Navaid Red"," NEW",-45.485386,167.177266,"2021-06-24 03:10:23+00:00",WR22,"DOC150 Double",""
WR23,WR23,-45.4875001864207,167.178155838404," None"," None","DOC150 Double"," Navaid Red"," NEW",-45.487502,167.178148,"2021-06-24 03:10:24+00:00",WR23,"DOC150 Double",
"main: /Users/davidcary/Stans.db r/w","","","","","","","","","","","",,,
"NEW  OLD","","","","","","","","","","","",,,
"main: /Users/davidcary/Stans.db r/w","","","","","","","","","","",,,,
